,x0_scale,y0_scale,x1_scale,y1_scale,x2_scale,y2_scale,x3_scale,y3_scale,x4_scale,y4_scale,x5_scale,y5_scale,x6_scale,y6_scale,x7_scale,y7_scale,x8_scale,y8_scale,x9_scale,y9_scale,x10_scale,y10_scale,x11_scale,y11_scale,x12_scale,y12_scale,x13_scale,y13_scale,x14_scale,y14_scale,x15_scale,y15_scale,x16_scale,y16_scale,x17_scale,y17_scale,x18_scale,y18_scale,x19_scale,y19_scale,x20_scale,y20_scale
0,-0.5636192772200986,-0.12817733519718413,-0.14279990178355303,-0.8627758842475282,-0.053036460993524735,-0.041985689018756954,0.5977903879191067,0.09554328562477708,0.19041664201370517,-0.41249684039376094,-0.14216385731251832,0.21047062924366305,-0.23433212789611219,0.33154581866079563,-0.2637601744903479,0.0632149812048184,-0.13324561855555392,0.10852079897814197,-0.2359892165426756,-0.15895389737843382,0.23494599298727742,-0.055237574311669126,0.026913812322369807,-0.21875290308506257,0.1668642285665674,-0.0038483155237692543,-0.027566259194620756,-0.2910543242793995,0.13036451719836123,0.0503746076812832,-0.03989252549459171,-0.261584195627868,0.11225269007103647,-0.1359011662409663,0.38226375369110066,0.04483865992784718,0.745264234922981,-0.02661212859836795,0.6184915425988124,0.12231393697650265,0.8232897980377353,0.428842127360456
1,0.8408206241948324,0.02187488576319369,0.25347862764510753,-0.17343002479657685,0.14779257341501478,0.25049489855725166,0.846070035819512,-0.0389252613930314,0.4602621975545096,-1.1855317899884878,0.4923811194406565,0.5040165305328098,0.16147836447173772,0.5491540881945514,0.12114190399840309,-0.28164257395866016,-0.052990732368642546,-0.48969281353924315,0.4047481802773215,0.7595985563554103,0.030209702272011522,0.6949565590527345,0.7869440215612192,1.089812649646698,0.7276033744520521,1.0855293470732246,-0.007251291401420438,0.5845162347102845,0.05118600669360997,0.2144563683078049,0.5266712576931836,0.2790293019812289,0.4845314767959335,0.3208894809242651,-0.597637797609888,0.23474584865357914,-0.38988075933820027,-0.06493742101457581,-0.023788482074237127,0.028644682801951444,0.16572516288696332,0.17810843167848686
2,-0.31642494555263395,0.03781458219420901,-0.556974199377663,0.0737214780782018,-0.19984319245560717,0.5287685403243843,-0.7147347445329059,0.5274514697085279,-1.4093948979286712,-0.1111836431520875,0.4962197609767602,-0.45455998060596736,1.1660128991206298,0.2724797399310962,1.468928979021325,0.25733054363430985,1.522738587464119,0.18562486376670023,-0.18332406675685678,-0.6026932162863576,-0.8589910000872543,-0.4421186485755497,-1.0683658513866254,-0.4005220723334263,-1.1503412159867137,-0.3457708411302185,-0.7002004507899489,-0.20849517903185827,-0.017953163228479656,0.7686795272306626,0.7534449951626714,0.7018247360511147,0.6366731923119237,0.5411290733220757,-0.6016545316699493,0.4016784696078975,-0.7172692513863628,0.30860015405029734,0.3318570334317748,0.3365111396212036,0.7155812925879019,0.31424098164896697
3,-0.10926719921349053,0.014995385723224003,-0.348432500028777,0.014778239516556187,-0.4522061171235572,-0.13026034036076808,0.25741143562301155,-0.2014627243515791,0.9985503866485635,-0.34983622741261533,-0.4663736300750989,0.052492122212143784,-0.25597716139902577,0.06732415940944862,-0.11611349172554707,-0.06463994684679236,0.009392970853786604,-0.11843760085438823,-0.4122243091680824,0.008164245117303078,-0.5288995774221431,-0.035981815274033324,-0.7528238196076367,-0.6847641448914294,-0.8396823591556489,-0.7761101042692078,-0.1883248642319199,0.09840657450882838,-0.19189680867487727,0.49591644862023865,-0.2667996256593532,0.5209135393561916,-0.22986940113507956,0.5586969236360457,0.007388711645348849,0.16420552156250753,-0.12522812107064157,0.45744246047851883,-0.21983264690830812,0.4670142741532476,-0.15762361841544992,0.4360910726006423
4,0.9031165475215759,0.34100929057467944,0.14759690066989403,0.06693062253787009,-0.40946432807432936,-0.02037410346477379,-0.46424133803142625,0.24976235721285267,0.11211747859340179,0.21134157114646704,-0.7199485084288471,-0.31175783004135016,0.024972228837460815,0.07207062937423646,0.3958209634689626,-0.39443137050822447,0.6258893015687899,-0.5951398213538576,-0.3346188427072458,-0.42161727741207683,0.5811322398350109,-0.23165791508717928,0.5462015734405367,-1.0043823823102764,0.19181938079531313,-1.145623363211585,0.45014462726423143,-0.06243733995400248,0.47492819421923665,0.2137832127297924,-0.38209019720159054,-0.6822071959282916,-0.8910088297379609,-1.2035075028257003,0.9268509237195934,0.37220680788212596,0.4964445123401461,0.5055099800412377,-0.524457617008125,-0.1503425428478453,-1.1810240583590295,-0.7997798818057376
5,-0.5277122824808583,0.026381466229211024,-0.5187143847383111,-0.001982664693443051,-0.6558492363974456,0.02771081905075171,0.0655454077022668,-0.01714557493914171,1.481171143484799,0.47478437934498874,-0.055241875749222624,0.23666207838823322,0.17513211434885337,0.2330308415418797,0.14415991825581695,-0.6754846184757696,0.1712920780358118,-1.0795475542045432,-0.05514812781994169,0.20688123264773225,0.23936099284379284,0.5855156088247593,0.0896918721268535,-0.45125647653141177,-0.003921555402200417,-0.8683340183681555,0.19843925363858791,0.12551345170484812,0.1974216364408445,0.247832570920965,-0.10174295173126206,-0.5839764875410943,-0.20248438550719075,-0.9483823159761507,0.3040639912660527,-0.002143440584561156,0.029622216433677913,0.307651339604271,-0.45209337491950274,-0.150377355720393,-0.7524621127191639,-0.5020847675053534
6,0.29603828377575464,0.13751936744841306,-0.07982325926135765,0.3136113736156068,0.2699626801479238,0.0274734871730502,-0.7903086738026022,0.4976935974701304,-0.8486151431866009,0.6479758079483238,-0.1099441628329266,-0.17699158385711433,0.22031788525532522,0.2655710530724927,0.7452235615688899,0.14077319176909597,0.8529038671585567,-0.10735185918680455,-0.3401943526701755,-0.22710261735197204,-0.19852227911346407,0.37826677404469944,0.26305196345039145,-0.01644212644676308,-0.29028921293824245,-0.17854656450080125,0.17121966189243468,0.04969887150382093,-0.5871842965385553,0.0912015142719075,-0.6840183051962168,-0.7871541885745069,-1.144086043614689,-1.0012421111507843,0.08300878761910767,0.04040651686369753,0.022926666886077446,-0.143251892587564,0.6532983236313709,-0.09875722489581752,0.9706578312256428,0.052149033735137
7,0.099673041439593,0.33163575497391806,-0.22180890225856822,0.18473634365955915,-0.2339180491558572,0.2900012882123792,-0.11144647826496401,0.3077879946424601,0.07965740430900232,0.2732432425412611,-0.047703144321853755,0.04776754031651943,0.48082691061712557,0.15216297735164747,0.7081558536414657,-0.5762801483327821,0.760069864988255,-0.7170386711531053,0.05754123791478985,0.10103199689956746,-0.04012629282214444,0.26343577434240095,0.16384736539354774,-0.17126501723952847,0.1554662677856483,-0.3573427516972455,0.4433154875249525,-0.06782318868201277,0.5209478871719336,-0.13174925085565917,0.8630393651949788,0.645116252301525,0.9535056034175798,1.0792717078357952,0.5557173888370129,-0.19260776399913765,0.11793549266485606,-0.1693441238743523,-0.5856358895829524,-0.7694315231022568,-1.074602976430159,-1.2046138528993835
8,0.244911720242503,0.10042456921208498,-0.06156527235808654,0.3855483535837338,0.008921183815716159,0.14364673926548696,0.34683451698612866,-0.08067868769711374,0.1363227017176958,-0.5065426933695192,-0.008260060852373593,-0.18308753084699034,0.21856720369879565,0.012301225752678488,0.4588709512380038,-0.6528655954158512,0.605932306782421,-0.9077094690340102,0.0341823850182879,-0.039208792302498435,-0.23180671330062502,0.4726311048689045,-0.2757857476894546,0.9435743705772611,0.38132068224391774,1.2338202680006087,0.13254721523566934,-0.06551005244262319,0.8988210257503616,0.4225812905493176,0.35492553527065424,-0.9201328137359759,0.40649629390451325,-1.6179299035528631,0.5581742736071864,-0.08748479044543686,0.6510599446268601,0.2989424768432593,0.10854293595848155,-0.23561342799281262,-0.05816146679118685,-0.6705224047242343
9,0.5678762826460869,0.28767780618044103,0.24991664217354734,0.2207114364503913,0.3321043763879627,0.27391500886342585,0.860058615163668,0.1944276475857746,0.6723838172126154,0.1772245763035334,-0.1607315422452064,0.10021432657938704,-0.18111753904717112,0.29956704233755593,0.06077796352254124,1.1457807702968636,0.17577433361112055,1.4367004893366402,0.13941063259207498,0.06846241044520646,0.3339015409561652,-0.15818455488816807,0.40214676963102564,-0.4674987063151038,0.33523421411082927,-0.5644326533195934,0.5123102736079616,0.03375785152398711,0.21779081225095884,-0.031137132436456934,-0.12970892570407982,-0.36310350863041635,-0.24043190377125923,-0.5062860777370198,0.7035991100909353,0.11962836346045577,0.20419123053503777,0.128131227445474,-0.14891514941103254,0.062199083261215676,-0.3384635284908732,0.037697088636046115
a,0.41628666512662793,0.09656944819214697,0.3641354199265794,0.3097136736777518,-0.3089337715311582,0.1395526174440254,-0.0722831783251608,-0.5577865535803559,0.5354103662214567,-1.5449551128679797,-0.04486498114291493,0.4761690483212236,-0.19323912693217174,-0.34271862406516473,-0.003649880104677978,0.6981405819819186,-0.12212924219006414,0.5422016579293516,-0.054842730603821194,0.556271700408418,0.1230351874655999,-0.0308280255692606,0.20454821037133983,0.34552919833298407,-0.1447250903941229,0.089591357039068,-0.16722952681258324,0.10909333028974326,-0.05255728594979577,-0.4635728424217443,-0.14371129526418683,-0.10627569411974508,-0.2571740307660377,-0.15924104031991212,-0.2478730168986012,-0.5021496636009068,-0.4968279675961939,-0.7139862838502149,-0.25295900380427877,0.20093571708835464,-0.06815963931997089,0.6728194507127228
b,-0.6566022384918461,0.000712323206531976,0.3877789894459556,-0.0501073120267129,1.0212753832445718,-0.06260841195136456,-0.5572912970032603,-0.03532592594418151,-1.1876503673307235,0.04638982453247952,0.8293483362452285,0.13926634700844995,-0.04550861155696884,0.306166505987361,-0.6302613951996657,-0.10171846544702684,-0.9068688205132044,-0.4323396050431244,0.39954317619820434,0.16053855962474617,0.3722844391065238,0.27977506312719147,-0.0760348379896527,-0.42370001787659495,-0.34644479452477384,-0.7019688936668709,-0.2722378415864575,0.05381554824992702,0.20824511914506996,0.010507766127252583,0.027797751580458108,-0.5836733449916607,-0.09335600530470406,-0.8816899855680016,-0.9546599298087004,-0.1315746388216759,-0.43942724264045796,-0.2122057474677785,-0.5872024983352526,-0.7858308321630602,-0.6654530271458143,-1.220776932605379
c,-1.6225929491622129,5.369276337455097e-05,-1.2381218795479776,-0.4460946314725083,-0.6681605870016011,-0.05789953255738995,-0.085767622141632,0.26672883122411334,0.9260157314483611,0.15051155261925803,-0.1124557221366796,-0.7195612311088097,-0.1474319527613223,0.16215966906533671,-0.4212777632970154,-0.17921287291240323,-0.3180879399397388,-0.20464364866004173,-0.19618149602235788,-0.6767828538951793,0.1443609279418599,-0.12712807985450253,-0.1261636222194242,-0.30878573569293827,0.13489156006675262,-0.1530620050138383,-0.3160146188728535,-0.13139131049448016,-0.16020172401746421,-0.4193006526612871,-0.229816769433739,-0.6634127947838898,0.270062131831949,-0.6207939719182359,-0.34857262514390913,0.4554852890134525,-0.30463416947792427,0.11287253703651165,-0.23149043217268236,-0.3628368314637268,0.12866453135489633,-0.5522580196428265
d,-0.5585397249981238,0.009224375204250861,0.17649110447467165,0.15660937209723683,0.9306176816369744,0.5256861033648996,0.7248898042562221,0.6397336913128844,-0.21591632308807635,1.6289632133270289,-0.10024767450810591,0.3978827627751523,-0.17729196938164787,0.23889339976842827,-0.09155406139808311,-0.5965501833681023,-0.04063391592065379,-0.90907254646963,-0.10326713505667151,0.2974286826596111,0.0020715133867520398,-0.1734375225161669,0.07133483112927595,0.6271285067053861,0.2665638354484343,1.2823465379982932,-0.1095016286053294,0.054731295996637945,-0.04048324786958349,-0.40997692505580047,-0.3424762096329469,-0.28185940050237396,-0.18393642665944937,0.4388698056750111,-0.15762620385187226,-0.046149061871877665,-0.6148864323227,-0.4436605204156814,-0.46825560522080467,-0.6283400884148849,-0.022135060608369277,0.016526204023291188
e,-0.28509776163784917,0.30477881841414095,0.019972252969127417,0.501530590339048,0.44969823294682115,0.2847090773154176,0.2800221258025215,0.5158357906612644,-0.17690923666672173,0.9470672096916387,0.3653835853080606,-0.11410072053285292,0.13569240956881165,-0.9572591714463147,0.11766858546820837,-0.16810245612979083,0.14303156200372363,0.4971818694670881,0.34308328399029064,-0.2714301327391345,-0.1458536163408717,-1.2507839373670238,-0.06814224484524775,-0.34398470611164483,0.06134790974219035,0.11594699752587005,0.1460379335019771,-0.3165625681382136,-0.34823001761317585,-0.7992862132863074,-0.2290482194517924,-0.39659701519461277,-0.016103349456828047,0.018869983722372547,-0.13262439578562288,-0.18363256586655857,-0.3283068900507611,-0.4398479454836895,-0.18619348249631165,-0.2799578803107807,0.030682218699801003,0.0022853218488848616
f,-0.8303670782786674,0.10527543045988073,-0.3943393331163219,0.08428378741806787,0.17913521841198024,0.031855968772857624,0.9063867392854278,-0.056201545874138774,-0.19213331567023106,-0.1393931429442254,0.18370561448318717,0.025642665932924774,0.1550717192459552,0.1157736577414748,-0.0765055409876432,0.6924307891145625,-0.21263399254421742,1.0472177652563284,-0.17863674400621707,0.10600803440459411,-0.1950550427984465,0.11991210072821891,-0.4725011634361962,-0.2970221441253236,-0.5136773768135724,-0.45475063823906237,-0.6630078840231701,0.160576510099955,-0.32651801967890787,0.10004608785814316,-0.4448939729331321,-0.48582370462200664,-0.5001382713039382,-0.7561697105180988,-1.0852728385243473,0.09691570914050195,-0.5536113666709006,0.10736840583116247,-0.4505554151774136,-0.2525035371134702,-0.32459436020660004,-0.516071573337626
g,0.4900067176383996,-0.1680497633610469,0.42733554072830815,0.1848210172542421,-0.006269093308115514,-0.29823746924957184,-0.18334721630870346,-0.5792537883100616,-0.056358406246869656,-0.7915292630894067,-0.29010222284487613,0.32156079553220224,-0.25504988380106763,0.4968591338540514,-0.17744161081881848,0.18272867840124674,-0.16297724316070206,-0.1460456793883974,-0.1322686899289705,0.6699621391967292,-0.05591179957010942,1.1288375568344102,0.6920160814333194,0.37874408894392814,0.899239865017174,-0.10675608389139961,0.18934612986130084,0.5747753022077512,0.2204571034080692,0.6707560573249746,0.4088325247008531,0.00857064848194741,0.45938572064442496,-0.510073342881265,0.43227473107608655,0.2662667110238323,0.2932590934763309,0.5570164627125553,0.3578566611210364,0.20724415227799967,0.3953998505676717,-0.17793835044295953
h,0.47286355787008727,0.08960702298397752,0.2960405254805537,-0.23738025657207193,0.024915002605939967,-0.32022003133811244,-0.02645705285470224,0.0031337475222694257,-0.019473192413703475,0.2378265679879458,-0.2082449912860562,-0.4130365835860775,-0.24574705607713632,-0.3108708009086605,-0.18624783100321113,-0.1257996001610979,-0.14858018442817145,-0.03439113834957422,-0.14505357693137114,-0.20135198921748115,-0.30797854295848914,-0.17899033550186327,-0.5199268232525389,-0.17298074410842307,-0.5608997110283557,-0.11847119876579688,0.12391567770773904,0.1565382596424259,0.13732535996372625,0.25529083471210834,0.31767778819956005,0.1330325718251361,0.4264390037864404,0.09351014668107634,0.3534631586874042,0.3893016007821656,0.2885091639334136,0.3550810598214906,0.35377867463018636,0.24890811163842083,0.39302329301986305,0.19000334562658597
i,-0.18661971492225882,0.1077839106679976,0.26569433596494246,0.08161586726837926,0.6896735278851704,-0.0822660479656307,0.2984916824822393,-0.30716088252454676,-0.5294074664680435,0.18596525209498646,0.26493635998968246,0.26217411141674396,0.16695385282964983,0.052620761818275234,0.013618638261591865,0.5686857826376218,-0.03434318070309843,0.7980775166882752,0.2238883124885679,0.22959751079911858,0.13176044818221044,0.05178903728410597,-0.0030879335049099703,0.4465510664844875,-0.008523205958669329,0.5834385485452325,0.029434065185020987,-0.0037693329518703306,0.06856226330347781,-0.13313228400078775,0.12821216843053232,0.3490732057873042,0.17684989509792184,0.6248629575660294,-0.19227333441668473,-0.25505331219042227,-0.09166676903242527,-0.5146919438539682,-0.32185339128071344,-1.0134222791353877,-0.4449531384045821,-1.3034936284562955
j,0.44559229928966587,0.5135349176595012,0.16732201183480347,-0.45659336902493575,-0.21069033007995308,-0.818911474214348,-0.017113798780144386,-0.38369456634058907,0.25834976275372185,0.5736755293923098,-0.25941296919101586,-0.846102213318748,-0.28065410269282465,-0.4136236716258369,-0.023181922052880524,0.2398395792392562,0.22569296278263865,0.4741037465171048,-0.053906882851444016,-0.5303939340733987,-0.19793401144322229,0.008683510395358258,0.07671009537069365,0.1029222397149995,0.31598636085197945,0.21310464445021324,0.23640477740476398,0.05106538090443833,0.10450992909368205,0.17954134802321878,0.1446990247542572,0.08407903683445207,0.3051962965128261,0.21427940604859005,0.4389290834746393,0.39765608757490445,0.05973154903967702,0.31927489033810746,-0.5286169742106126,-0.11608629557942741,-0.8054540726936349,-0.2831078918949013
k,-0.15732564357750142,0.010853908009233497,0.6502238807556341,-0.31161529235042407,-0.11144327080447458,-0.21884319637564859,-0.5119997960377646,-0.35501106249077347,1.1695170040091436,-1.6026492693137682,0.7764369420237269,0.4472533341834886,0.91411886080328,0.32951217862115034,0.8322042566676865,-0.12211093197198443,0.7933723805851245,-0.44417210199279966,0.5019023130923015,0.5297829438198414,-0.06247489379977671,0.2875263338713852,-0.8151566535488931,-0.3510877598212021,-1.0132324924726601,-0.541148763474373,-0.004865851999169046,0.36491833489931724,-0.6056611993847761,-0.05909987007369086,-0.13339972706696612,0.4317903684593888,0.24472037176794428,0.5410441855350997,-0.4427164134738414,0.013649648576270615,-0.31781535679798006,-0.03626286026882121,-0.061941276593428095,0.3513542492936073,0.10764218081042497,0.38116438621021154
l,-0.4599924339655223,0.8382348862280969,-0.6383905272689013,0.21466262015167506,-0.9362181574234989,-0.10066814019503631,-0.2196537115369785,0.09257858267829401,0.5408877852112497,0.2728465807799529,-0.5059405121581693,0.04194871851058826,-0.40862688455748025,-0.037500862708925574,-0.38213324564496,-0.08471695278288094,-0.34081029823257974,0.15709749228854472,-0.2026985864200875,0.4360650152813917,-0.16551847279613327,0.1937957956566384,-0.3604763379674502,1.1251732124679066,-0.2595189005368519,1.073630511387879,-0.048826524875182443,0.4043526789172487,0.08932000042324537,0.08227277030331502,-0.3365619413720309,0.3750601358516067,-0.42805863877236805,0.13017974920426273,0.03854184054578853,0.3979281401146723,0.15723679944414234,-0.13272621414910632,0.11769512149408298,-0.30543965425371095,-0.038612165584053865,-0.5958365645895489
m,-0.5790428596064997,-0.44319705710048696,-0.6234649247582227,-0.0050069808380228155,-0.06419978562323929,-0.3302736199735063,-0.04238583894642989,-0.07951507466347679,-0.12502561189419295,0.7447524777641717,0.036912033447479974,0.09528719788161821,0.1737597550868917,-0.16007874616968182,-0.031259643092949374,0.4902810422617565,-0.31501937275148306,0.8788622857373322,0.0017409465659811098,0.08889168130789846,0.6417090352896332,-0.5682353256446362,0.02256386326748652,-0.13591912157717453,-0.5616707492080165,0.2195730607036284,-0.41989564813319924,0.09284625674569078,0.8979492846131542,-0.701512629971703,0.28055798776717045,-0.5480477081800531,-0.5574763411286636,-0.4277232786109427,-0.6998366642508681,0.3332694924609881,0.6425707748091681,0.39629320093282133,0.29752527541598667,0.4739693213517318,-0.379328581019303,0.4913102009026789
n,0.297396715920291,-0.3115687223149838,-0.06446124396805719,-0.43512147694630543,-0.27648782533771765,-0.6302538238340186,0.020235742640565976,-0.27631405591512076,0.33909047411823673,-0.6032781555336089,0.06410584979461599,0.011440499825539229,0.3862017031599195,-0.5075359185677476,0.8382252643119444,-0.18976561904887848,0.6905552955131704,0.05711335586405178,0.059110200407257375,0.09632565642621999,0.23676214296192905,-0.7609290893404399,0.6960848132295742,-0.21107367849575526,0.2655101189511179,-0.06147826157171111,-0.15900181150402604,0.26581472417370494,0.4202815493081739,0.31876928131650095,0.40371790634234106,0.6224945261632508,-0.14724655316528246,0.5219844549106184,-0.2025054037356357,0.2826028759372224,0.3877991971951055,0.019219064763998837,0.43706789089529496,0.210285595208481,0.09868599379440261,0.25038437587018714
o,0.4898133810735456,0.24424970427882256,0.1795149385286492,0.14944808328657394,-0.18059015912793744,0.00444288637088932,0.20487684695331387,-0.21171746961082735,0.20053503222385213,-0.17827467453396517,-0.597277766650933,-0.4458370303245223,-0.2952955453400552,0.5530070885349481,-0.18291033891640848,0.3678278943625032,0.07213427953110989,0.20098113661767553,-0.35560882663459104,-0.2940638681146802,-0.07710027842536113,0.3417540193443378,0.16678853753719933,-0.025209723272124607,0.34802637516028895,0.13354661535063148,-0.2108389734741042,-0.05952861393087287,0.25456715957090625,0.053417908364913884,0.46122471109805646,-0.058505100204891296,0.5666549107819302,0.27891714084389835,-0.08701423740853705,-0.3555461836449613,-0.37313491778642655,-0.4752762768397729,0.14075603432258205,-0.5455535560411702,0.518382408133922,-0.1808889456113849
p,0.3244698543378937,-0.5368854218764748,0.18006046291873748,-0.19418265252070932,-0.10443134414944258,0.1905427547227242,-0.16540237407797445,0.4272994212368983,-0.129475315640025,0.5277136072531656,-0.031264794654438044,-0.4963573715893254,-0.22957830300902063,-0.5616526022446937,-0.284017020063616,-0.5796462010476993,-0.3032188562678815,-0.40138988803057574,0.09655552556603356,-0.39605759663279905,-0.007471996820395833,0.3026166177579902,-0.06372478176219398,0.49155478091455307,-0.005460293294001439,0.5501736078130098,0.22431639215474605,-0.18386426412632723,0.19292371835970626,0.22415828920151015,0.02742251062578456,0.2623083330987714,-0.0070244230564987745,0.28498490599641657,0.24217535905005397,-0.19879065303020108,0.2616970132029552,0.11949378225859904,0.12879533416138111,0.19256107741508519,0.08072126448111441,0.23148337096668634
q,0.19479105521739928,-0.4608585268432219,-0.4519641139867918,-0.7399739103029371,-0.5374937478985067,-0.7114666755050579,-0.0823929249693628,-0.11028737331587542,0.36589918394995535,0.37102283130578145,-0.5359736104734844,-0.30920755297178676,-0.6052485234342515,-0.3184421315056155,-0.47212137023225126,0.32166194644657464,-0.6212493966198268,0.4644878555351669,-0.3605316831613535,-0.29949476145938975,-0.5427416005680291,-0.2634146907258458,-0.04179585277700966,-0.2171514323042203,-0.22963791687350119,-0.26985855748938264,0.07407032407464534,-0.27154242045593374,0.03550489122069989,-0.15371685005872174,0.2850313239908758,-0.14251595974653614,-0.06886920878483335,-0.2460523746359683,0.4719768941613135,-0.2521143494328437,0.520380358518877,0.08278627377551057,0.38428866458300887,0.07779371182214931,-0.04048979263905818,-0.04346955490254416
r,0.4025975708563088,0.1812872963591516,0.47973654954280026,0.13946303753699116,0.5121697139695497,0.2845436193122632,-0.07813674770566673,0.3141241246937663,-0.32816865217475916,-0.4538651436292326,0.3397167955473485,0.21726258195196918,-0.6980392134521923,0.5689803670233494,-1.504523467667204,0.1604257496125984,-1.9630078495796819,-0.169558456597189,0.35259361870660555,0.11216364430236511,1.6775953684099465,-0.3446783654648447,1.1352398575473421,-1.249591172455145,0.9117790100714774,-1.3783736430245623,-0.37083371937326937,-0.03578994545505989,-0.28552058555991944,0.2770925229695983,-0.0509487691325046,0.26804574838633133,0.6406593164708103,0.38024906251774504,-0.694123774508391,-0.1420809065910673,0.04566537433985943,0.15371553161643614,0.5778323999880984,0.2642791612791298,1.178119347966887,0.37577443723119425
s,0.4513790013063871,0.0434304936819078,-0.05886425616410784,0.8815573656578674,0.5521850348649849,0.40959496884858193,0.23935721043341418,-0.6925594373748764,-1.1182796971700262,-0.2396390877320467,0.15798440523206678,-0.21237475074173387,-0.4421489296106255,-0.3153056648435809,-0.35443930989919953,0.30571989903499636,0.02846265696877718,-0.04891606673090756,0.1172412573503401,-0.5153458042065072,-0.4250693643982851,-0.7070338622221889,-0.025972990802282356,0.5968059943014025,-0.0648252131212789,0.13743482287442238,0.43542515065338994,-0.6702623476393536,-0.4522312078624985,-0.45640757171994245,0.06545078186196687,0.4895520348620567,-0.25452528661073925,0.21370505364774256,0.45634022388342416,-0.7002521524330827,0.3549178222670068,-0.3235158766232277,0.5369320169961931,0.5587068427531406,0.19861639593983785,0.4674883520346223
t,-0.09074087331205612,-0.46043698404028166,0.2612706367198279,-0.5230885498457,-0.18695939722931681,-0.10304334554149581,-0.10157875330313101,0.04909590539369025,0.6072574651020853,-0.6695720269912597,0.25688422034398317,-0.20613901122733852,-0.17893811729812897,-0.5962027956264146,-0.044360081119000534,-0.636276965344893,0.05957290542938271,0.2702442872492005,0.4223269288344871,-0.6275883034976665,0.06214923049990521,-0.9414259794866574,-0.10180578028319742,-0.2821923555417092,0.143261411522395,0.4871074832409549,0.4807068281248875,-0.544831175602701,0.09899725136314191,-0.2941853955372014,-0.3537473514292977,-0.04356275839400696,0.016241789477563093,0.2923530840002215,0.2558347718707086,-0.054357074034244016,-0.11629878923507768,0.03180757225593118,-0.21891075846750413,0.38361214158094664,0.13162014482402296,0.6185163791458936
u,-0.762021387050675,0.0007541319229460207,0.32036481629466823,0.09673245168806108,0.5485844001504891,0.023040360286656934,0.13721777977598185,0.19367208486764398,-0.859981887987578,0.9795913966559974,0.6311973475853782,0.13535245388352193,-0.1676393154157285,0.03714678833114958,-0.3340778353657047,0.12745215256278256,-0.44976360644260416,0.004661895477095375,0.4230017673420008,0.09161029279198213,0.4402154975059905,0.1863364812712341,0.6029643997565765,-0.8300141640291895,0.5229248083308483,-1.228615670053028,-0.12514532019405272,0.03415535889001031,-1.013222236878645,-0.23690987319191523,0.31432213677905674,0.5710312004569458,0.3364114217590516,0.7464106816607797,-0.6154668749580066,-0.09762398716046868,-0.5675432485388217,-0.4013734843352579,0.033857061672191796,0.15366393157684302,-0.1382079239851355,0.47493720651126836
v,-0.37825218010337197,-0.6256706104506028,-0.2131404511680209,-0.061165000762745635,-0.0011565214731842628,-0.33536899671782977,-0.10219201347631865,-0.14918021389162464,-0.7950326048149505,1.6279227246899326,-0.7086067992693567,0.9428120057940902,0.5582408449625814,0.28683722978626625,1.1101495406476891,0.04791647246671648,1.354267841086334,-0.08479053214178127,-0.2925256313783181,0.5176176961674944,-0.4062163418848147,-0.2535540208052012,-0.40259521104386325,-0.8489291349848507,-0.3862743097863209,-0.7600043599670634,0.17985046506712743,0.06783769404886542,-0.4276026060821478,-0.8295559833264188,-0.15509955924911367,0.0784357370530645,0.23268417444108971,1.0529184500433277,0.291928746225475,-0.29481775194829934,0.25285500129386573,-0.24590088348113104,-0.04164804609433941,0.08762103734970794,0.03909813881602572,0.7494101893616828
w,0.649640130581175,-0.8022870313266421,0.6622813892622353,-0.5197849097086735,-0.5242224573120515,0.5383421652191782,-0.8668862708603139,0.18092322023236748,-1.0492236603684844,-0.34418102809217344,-0.08564314112184968,0.38184965862744485,0.37526884287149953,0.1091446568023502,0.3371764360529545,0.20572784263875812,0.44127833593457566,0.301633533137287,0.11988673214224292,0.3776730497898106,0.032582854854037384,0.06529361250182396,-0.469885701203906,0.1702051312791449,0.08783005703126175,0.16544191365360858,-0.2269596172628245,-0.1637258546413877,0.03086607966570618,-0.09342443133252588,-1.0624171220695762,-0.6286675173242584,-1.1188871330875985,-1.0545949024248955,0.13078031640899823,-0.15094195429244098,0.1506914994951788,0.28434290186191746,0.5883042211348646,1.202844188337342,0.8743277409521223,1.9198607401487067
x,-0.14202548399171372,0.29459359381179623,-0.019427676257240855,0.0516447120469092,0.3564899184155028,-0.13520263151524173,-0.20916897572079923,-0.11693738219882709,-0.25637287675587017,-0.2817732715358228,0.4471747948968735,-0.33176542570864165,0.5686626984273601,-1.0216570363841762,-0.04586394590711413,-0.8836144015381211,-0.26815117469251115,-0.26433376947593334,0.4839822079782523,-0.2176991813869725,-0.6183174149912617,0.510885869763337,-0.8115120739145963,0.9161981121721897,-0.10713492761597955,0.713107973737036,0.31996841028728407,-0.3545452748017286,-0.5518860647772871,0.3248108692864229,-0.7031746174848602,0.5075118322015,-0.13895025439647699,0.2233757580356066,0.25259131618835556,-0.3906043964737823,-0.3738250844887695,0.09912217060496788,-0.3186570255560505,0.3604467205600996,0.041709330191427266,0.24476044984207382
y,0.4424629996063716,-0.5910609901861811,-0.34685584640099687,0.4755596495118921,-0.5961581848564959,0.3973590790136493,0.10412104021165161,-0.3106207794882687,1.1546604720645384,-1.300555589250697,-0.3295777884566116,0.08496392664236234,-0.49386380166367705,-0.3726122509741005,-0.7606012044042434,0.3486760469123813,-0.8525709051994902,0.118237305533089,-0.2540270212244987,-0.19943823511317732,-0.25628384611065463,0.13114802926498165,-0.1671599444752343,0.9095320034719375,-0.025149063597269324,1.0759084398611345,0.13430176107266317,-0.14668059226373278,-0.0042426450515844335,-0.030676851321627327,0.0942457618127135,0.7303087230818838,0.17236983915663548,1.121313024522694,0.5906048295328332,-0.23306186062262277,0.24091711136085178,-0.4589235477704449,-0.19412061401403152,-0.6694628144702798,-0.19536417031818454,-0.7832653454711617
z,0.19650758492086068,0.38791538055396413,0.4899336471069165,0.43062284073268337,0.6942070894584128,0.026203147660683043,-0.48652056437478913,0.003986607836692406,-0.9310863928313681,0.636438614451438,0.1775925903974928,0.08838948090118642,-0.34555012797927637,0.40315126411039104,-0.9658216827349422,-0.051755041287790876,-1.2860792001875758,-0.38837663317315074,-0.28969078658035996,0.2651474126222812,0.03819597115283855,0.5204598937007247,0.6758693041415649,0.9687943645364188,0.5957389285599354,0.8547945579228708,-0.4640526019252473,0.2954001258740694,-0.18557867999637803,0.2421554814518729,0.3322745542421167,0.4789214558684855,0.03849235803002569,0.39177264803112694,-0.41665016953655215,0.2602007644624738,-0.11331869035242427,0.157845658340877,0.15024849129223333,0.3730467671578698,-0.20685723116009452,0.30025456779290055
