,x0,y0,z0,x1,y1,z1,x2,y2,z2,x3,y3,z3,x4,y4,z4,x5,y5,z5,x6,y6,z6,x7,y7,z7,x8,y8,z8,x9,y9,z9,x10,y10,z10,x11,y11,z11,x12,y12,z12,x13,y13,z13,x14,y14,z14,x15,y15,z15,x16,y16,z16,x17,y17,z17,x18,y18,z18,x19,y19,z19,x20,y20,z20
0,-0.07263315245672008,1.6671623975418632,-2.042758715210706,-1.3313717609838405,1.4079342171938998,0.10210854082980238,-2.5387781958830162,1.0600456460494154,-0.46448241216724623,0.643904629206043,-1.2825365958985948,-0.8769285727783929,8.325168488086087,-4.368276989403334,-0.19556058894647624,0.16253664515266236,1.151020765581831,-0.6155213122482898,-2.9021190357860354,-0.43365831835855595,-1.8377674464548364,-2.923018221677131,1.3643340690385577,0.1471710609143413,-1.915504633466148,-1.2392413193337526,1.6173542121992828,1.705152133936127,-0.02232364326441961,-0.303259318897504,2.794212384998949,0.24809801932314787,-2.122342502655072,1.1833584684679674,1.0739219607351242,0.3934397286844292,-0.40353108413900407,-3.0637983633768,2.507613793405357,2.2828287519713366,-1.4324900087581793,-0.36303436274657674,2.692440145724042,-2.043014435179337,-2.3537559240567085,-0.21598726030786852,-0.8306962727994575,0.4425517405896716,-2.3291111417284553,-2.904798168941487,2.923651390899639,1.6400909410471456,-2.434165956962861,-0.3066936590139357,0.5887806949417215,-1.3124822273823067,-1.5102326514640445,-1.4324918916161,2.6322606491962586,-0.016036092824070293,-3.6882235116991597,3.95687276592529,1.8746902167507296
1,-0.7477238774922664,0.7401291289082429,-0.6663781318821903,0.3332119018946584,0.6789314653890932,-1.5297401328305291,0.041394777312503,0.45757971767674666,-0.8828246511482605,0.5401166085098276,0.06600743124320792,-0.29424688227750795,2.31712981856001,-0.43584692547080883,0.01372912316872902,-0.3206733081284436,1.6375342511759583,-0.7295973459928554,-0.4539192098311631,0.5569665589428094,-0.5214592260665424,-0.7920269902505541,-1.622579479814189,-0.5895604503960431,-0.8795585787710765,-3.4679766712209843,-0.8519921764054359,-0.5874411093097298,1.938367437810665,-0.09694597190007483,-0.127838280261251,1.3522468402066696,-0.22400079911240003,-0.6999814907164738,-0.8809634932668434,-0.777444097687048,-0.9909833386793334,-2.740507168816593,-1.381114791246628,-0.5135055368785562,1.45486570909129,0.6702978867310306,0.3844787740779367,0.8956853131588894,0.831837734928428,0.1336491850239147,-1.135748897796295,0.5655210910690558,0.10228206925649905,-3.158220558112957,0.05296307812299004,-0.10512496375123555,0.7022348336673574,1.3445324307911901,0.6196622163173011,0.05614262361876487,1.3501911278087364,0.5520723191248561,-1.5711816040568116,0.9994468976958469,0.730795059780803,-3.031620112926686,0.532934158402564
10,0.20269118993197066,1.1058997253502556,1.5691716866596557,0.6395871921724006,0.3127955637324217,0.7260490042815102,0.3546947138348032,-0.6907527650302775,1.366474398889771,0.7995852302889238,-1.707372721739482,1.428555005917132,1.9055512649190824,-2.576117319957759,1.5207646814785596,-0.32435009912752477,0.7031202035824502,0.9926540078940799,1.0758212373260778,0.29913607313120866,0.4353224092220633,2.1627975094803658,0.2993721712379266,0.23004674640868128,3.1099300299102306,0.29537850318682973,0.24354073141095017,-0.8358326654886334,0.5104458172169616,0.7092553457379995,-1.6798750427431541,-0.8389026487935083,0.018293741406323318,-1.9686882739326943,-2.4645217702890947,-0.41791856517980086,-1.8290244305076895,-3.4169545886678647,-0.6256823354004667,-1.2305674992103075,0.6384944508820157,0.347859346166808,-0.6488413820255032,0.34380780567744745,-0.8055900744452335,-0.5015365070393636,1.056542608257892,-0.8362829960964421,-0.41595557975844616,1.4106440239247504,-0.3897901832463743,-1.2625633610196607,0.8566341151060747,0.0014639479598505946,-0.784303123687242,0.7733287466001224,-0.8235796021403882,-0.6990367525339217,1.077536332189575,-0.6047463585001921,-0.6557730439518956,1.1372906305505917,-0.10208880046295604
11,-0.4636714447419246,-0.5811724887478361,0.49960426478682946,-0.6964748209037607,-0.2587749002246528,-0.0002726806553016167,-0.23383337981158556,-0.10048662022263946,-0.08233427902446047,2.0007652729468672,0.8360927279861958,-0.25068562753811136,4.285401593732286,1.114059415399948,-0.4720927490909516,-0.6244255353682586,-0.023951223120278788,-0.1327414759339241,-0.16700204804990082,-0.22214507659117472,-0.1905944927312627,0.2513160995246344,-0.8059887818536909,-0.17701835641590444,0.6178782202311864,-1.0679530342991248,-0.19792188314705889,-0.5586140628235573,-0.26247464178875446,-0.14887502669206845,-0.12816338730080226,0.162174880107321,-0.7222942287331703,-0.6797445560825359,0.8935064856734685,-0.4262882158162951,-0.9476027207733374,1.285977647281647,0.009531181401537357,-0.6299530199449177,-0.4625925305321635,-0.23330638062322945,-0.143665645689167,0.17666550732276545,-0.7056507626281038,-0.5437868354623745,0.7797000539812899,-0.2952070842447893,-0.6453970304380944,1.151325310662282,0.30414012019006553,-0.7041339543410271,-0.671535868531754,-0.3413726076920543,-0.42634373078708515,-0.2788898927982659,-0.6707109613410472,-0.46717933643039444,0.3077563451966642,-0.5110572751938842,-0.4210878362876157,0.6408412070739301,-0.15808834325915735
12,1.5321404620181942,-0.28395705718836406,-2.6186862666270905,1.0679520799591857,-0.9099889646133091,1.4131772128832507,-1.4172001194582278,-1.6151258078509412,0.6742049329450113,-3.956002513022231,0.9866462503300927,0.24846016330840756,-3.820182138045864,0.8981148151029774,-0.2264895648415096,0.19181811874563695,-1.487574906349253,0.1550784191141182,0.24486526509383652,0.3118571028204529,0.2380614415655523,0.28243930529803435,1.1964180136889244,-0.7341563684459291,0.3854374688212912,4.046909059182291,-1.1845556735569993,0.020790377297591058,-1.3123151058195461,0.5023527559433991,2.3052335739899705,0.16988402821723037,0.606341217254244,1.708471056159856,1.2243456828008907,0.08211406022236165,0.991513682191203,4.21347561561082,-0.14483913910342552,-0.16430466096455665,-0.6310145767682303,0.8223885449312285,-0.3840253004014416,-4.990245764183699,2.1572967657515885,-0.11818920703143908,-5.546738533008472,0.4680534073848465,-0.0682586409050709,-2.524300652312849,-1.426972191890627,-0.007292596334677687,1.00816363734846,1.1865181286305835,0.20919476486146163,0.3858466960542881,0.09658737409982222,0.5360203978065575,0.7716166736968252,-2.5114271565981428,0.4446878188267927,2.5604239614453745,-4.556173748042275
13,1.5779374543480933,0.9689627442120956,1.8639095429900596,2.1167100477295526,-0.8345965019436251,2.3154184431399303,1.0190286232361858,-2.513910099679609,0.663374512597402,-2.4982000083839253,-0.9971527125138783,-0.3625275187948207,-4.731227227984587,0.4216831800594537,-1.1753180458906252,-0.8618805418833247,-0.5058586854902594,0.6183685724653663,-8.218232685269174e-05,0.10333737936761343,-1.0543900182433183,0.6572271690760036,2.002311821050464,-1.9169792378650483,-0.1513095510662527,4.206459835914497,-1.7203767902394282,-1.4600251377973543,-0.23335588663059587,-0.3435680171797034,-1.6963689989383448,-4.9454677170757995,-0.43343422783316166,0.010927979411406934,-3.6811229981128095,-0.4467106339495629,0.4094567429877019,0.21655698222411784,0.31100528617352546,-2.150614916329613,-0.05059691818314094,-1.3008763289457212,0.20091720464482898,0.18453882457851425,-1.1995190170314218,1.8589194546592565,2.163739013841424,-0.5165216827057894,1.5995758322738416,3.9739143790144555,0.9399415495637122,-2.147961853517512,0.20321564777051387,-2.1184353449617523,0.5207057944992044,-0.5591693817379126,-0.7778099559986839,1.6887362341701693,0.2965276168516495,1.1279579513586864,1.1847251847673566,1.1399122081008954,2.936644331733697
14,0.7656752646124401,0.5961783739314028,-0.4174446589452467,0.585907170423103,-0.3579993469129246,1.795099210311038,0.35504030946571713,-1.0003663244928198,1.45039169686513,0.477568501104024,-1.7174084597041481,1.0185421314436625,-0.3397785971620504,-2.00100329826646,0.7664004790463999,-0.1976883785894553,-0.4764816295628371,1.5631846899783894,-0.515343470875644,-0.7132693388115274,1.0509572604149953,0.22194252504042986,-0.4406089121643598,0.5661405807568083,0.6468202541636403,0.22567050962440563,0.3000824625348666,-0.17523107284097553,-0.3146289037666897,1.183100013089094,-0.5043538031912219,-0.8597174863311856,0.6531559154274342,-0.011090565504823364,-1.0697624572123485,0.15963634034881757,0.22988133637685698,-0.6801916548842607,-0.13369177993748876,-0.13691827858367298,-0.2730168562769246,0.7153860885851049,-0.20199999240256875,-0.568803375745287,0.38634298612636087,0.43508909616047725,-0.8503626699301109,-0.259899973756714,0.8517012109448006,-0.6165648269731183,-0.7415467690576462,0.05294124172397978,-0.12474258150846737,0.20374527238266676,0.6305687033535488,0.29876959147636056,-0.18019912782678793,1.0635977811089798,0.19907558978555234,-1.037982366754517,1.4781642612917893,0.2277203135810503,-1.7149007420176037
15,-0.1398769556773477,-1.0968494423991695,2.0992757182697317,-0.733079885319376,-0.7425058549004642,0.924449467181764,-0.8658969966194641,-0.8389646124215077,0.5850263068425354,-0.4990141684341448,-1.3370824202176954,0.4736735439111306,0.02857414740772266,-1.8066962411522376,0.3576770019984891,-0.7500238739293633,-0.5605425298322477,-0.5798118471252741,-0.7352083689341569,0.10584891893971585,-0.4264556078981454,-0.2467230903825233,0.02446855062438157,-0.4319274093750111,0.24488893075866033,0.08599434080404678,-0.5060819759868276,-0.8375101745988864,-0.5038519659751675,-0.790031993170569,-0.10428492272860798,0.8230601502502548,-0.5774201906665745,0.13079094573810834,0.9464607988714457,-0.3287296191084808,0.2747973428970749,0.9640466108014478,-0.25688945456904494,-0.7684072807191694,-0.267743074922966,-0.920732891766515,0.42888669521519357,0.8233798696436938,-0.28100077023658715,-0.028548066703091672,0.41355929471871494,0.26083978694500565,-0.3541070064133086,-0.05668102327085598,0.36996148892977276,-0.5137977531204948,0.036483525835534755,-1.0268985904432884,0.5159266650607784,0.9915417063639743,-0.7425114665404138,0.0057859165501284214,0.7150394142487834,-0.5760205711999684,-0.5046714289642136,0.25652936373387314,-0.5462291432637643
16,-0.3952933608369483,-1.4794596586511826,0.3257104681871229,0.1007567046586322,-1.450299974712259,-0.06841332342737654,0.286478913153941,-1.00601462825504,-0.21841510744112597,0.20100845829685443,0.05537406053839433,-0.3134744015418681,0.02785763546322761,0.7316460603625962,-0.4186387366379667,-0.12526044864278083,-0.9906077257371105,-0.48824204005714633,-0.11430914521960549,0.6034397373175537,-0.3142037469885069,-0.133698274215497,1.4212723454132996,-0.24426143574332543,-0.20710274549714167,1.7633999521217654,-0.2329757368687396,-0.4866080853568809,-0.9565499974102276,-0.5382601089610621,-0.5785884514544192,0.6864445376882033,-0.466274996259738,-0.5156279061585605,0.9467937239858246,-0.4341695792971531,-0.5706254095701365,0.9276266066390799,-0.4423213541941867,-0.6915078200615271,-0.8981301354381706,-0.536818936852951,-0.6116646241742526,0.5015403426706033,-0.4584577985934697,-0.3281958007280879,0.48502223279432394,-0.4885744525799661,-0.2288216297227957,0.353296730770584,-0.5174352051050738,-0.6728017452581,-0.8159309157395505,-0.5111809239855508,-0.524413153581476,0.11690730616940619,-0.3711730569768867,-0.25504249571260246,0.019392997744814285,-0.3035728119675343,-0.12610710297401836,-0.17206010463652424,-0.28024492658314554
17,1.6106262058626206,1.275522585567511,1.463569053339172,-0.38703062092251667,2.0786689005008925,-1.9977528470702781,-1.3760698607130306,2.223785778380299,-1.1245646712424175,-0.48510714884401657,-0.2419822058528091,-0.6335448044124773,-0.1383240688813616,-3.4910959642795802,-0.17346316008615206,0.20177744130118982,2.280710291803692,0.14502630957784862,-2.282551233975023,1.5036044551446268,-0.03736308594006269,-4.054702495037262,-0.3833907905594253,-0.2131867673748365,-5.051242166919682,-1.7640645219039883,-0.44617823079131136,1.485492212683126,1.0917614790624504,0.6290198352936549,1.8925824825514295,-0.012016511815618063,0.20264329532352987,1.3530935609870995,-1.7908156953544119,0.20291832631850112,1.07873508480029,-2.7696649649517955,0.1341319732264882,2.010373824934609,0.2947422389157442,0.9619347560943456,-0.003443823015812151,-1.4053569855829833,-0.4650783773072995,-1.4005153408037143,-0.1767344065382007,0.3415007051055931,-1.567709039803837,0.6128508838319074,1.3327657598981546,2.010831627313863,0.05288212943215822,1.1565765708972693,0.22996978991289696,-0.18970634434496292,-0.7741214952304487,-0.735627243788438,0.40736924687740206,-0.7456570927546256,-0.9812251902626545,0.4611733446401451,-0.3104723999934432
18,-1.5833063588689118,-0.5370120161979932,-1.982513486409304,-0.38043430018998475,-0.6154301940208511,0.7154637615408004,1.1926599375705478,0.42066059944033574,-0.7128415018517807,-0.5078315174519226,-2.9548088178839236,-1.2126348384268655,-6.935158230077125,-1.878122234512236,-0.8034932513369556,3.0939723483246433,3.251214271747447,0.4013884833439647,3.445944423856038,-2.6251520818791207,0.5016932240417384,2.78432080650898,0.6100568607415707,0.6477141949957153,2.218994467001259,-0.5076697824908273,-0.322533304603687,2.2069213857592875,1.4702106083801423,-0.6425463401583438,1.3050036966047895,1.859039445595322,0.4164767322617461,-0.10033541458382032,2.170702623668527,0.46946416116508943,-0.8634470530582767,-3.4500981637744306,-1.0738386641547886,0.9620505079609124,0.1029246500248964,-1.7346774503480527,-0.36607966148065707,2.1664425385667614,-0.5411838377825201,-0.9185652669484113,1.7179254480806598,2.1991289193346173,-1.1702892235943116,-4.4739052650051505,2.350194466160475,-1.1186907975652813,-1.6863974974777125,-2.9677327725192675,-1.1272587850144247,1.287263344953041,0.00924656905521516,-1.6270853601201998,0.891572438230399,3.0918611560249887,-2.2242452277218048,-3.3116132827354403,3.738712126374276
19,-2.5747597484496634,-2.652114746315962,-0.8672790631599205,-1.6596155872962997,-0.08239438777962751,-2.0451630949981885,0.17104425616310595,-0.06974012254669382,0.6520565810676604,1.2778366876674012,-2.7388837466754077,2.2105591783778182,1.321865529920404,-4.644794080513582,2.746280845487022,1.3618231105310892,-0.12238675116303678,0.6828933207005154,1.2759955196404478,-0.8844982430193032,-0.9302070884385467,-0.17194496591902167,-1.3732194001670923,-2.0774650083525197,-1.116244316180109,1.863476269130361,-1.9708716684136682,1.2901345040008545,-0.1324008506237768,1.9169012272862154,-0.23303266837887476,0.09354406966771876,-0.20920880482325616,-0.38608901925380523,0.939599110941741,-1.2399655523158535,0.7997626004325842,3.706692171460577,-0.8866004228201387,0.8869370252427553,-0.4414879203580676,2.935923188886755,-0.27348069755765164,1.0836971579831496,-0.1918181175630251,-0.7778940163348526,2.296009740740317,-1.5078221636222904,0.4970810657370149,4.439132906863723,-0.8896055224141454,0.1310991730616128,-0.6429897439142968,3.997112923807216,-0.9144529962425609,0.15777744746816114,0.6782701471944057,-1.0965480721603533,1.5242091555215747,-0.5678226048296928,0.30009366440004,2.811108800061417,-0.22373992722442437
2,-2.5651331970316513,-0.2182214427918231,1.4651359331992913,-2.0055262205167304,0.6723525395298722,-0.08934086754732344,-0.9513577060920146,1.9368206635477412,-0.4280140510551641,0.1885246421590734,3.1942010330645334,-0.7297055883499594,2.018205149979856,2.8955551430830013,-0.9401966947352293,-0.35300634363701394,0.34530575696023785,1.09905059121816,-0.06371888205988409,-0.43384051821711317,1.07180025350812,0.5652249992502525,-0.6318636308037616,0.965350834906506,1.1408237422482117,-0.4484995987626747,0.8910923739096028,-0.3223353466684297,-0.16275457964196274,0.9246686039412054,-0.2839772904271119,-0.8397178960507088,0.9254348080168656,0.5128449879914495,-0.8836744146002011,0.6954674538346072,1.1085972514256421,-0.4070649154329465,0.5131231680379085,-0.49495431214012814,-0.7953361320711496,0.6438336492683624,-0.23672561442825027,-1.3918791679074232,0.7734348860486553,0.5761506054195052,-1.4563739394459263,0.6802929042343886,1.2558279408741548,-1.083160345025707,0.5705046508779523,-0.6855893822388637,-1.294241934922208,0.2608180125692234,-0.21134854138980905,-1.8119941883298518,0.3748179616079667,0.5225411539575858,-1.677143822229424,0.4400086182490771,1.1182269230694184,-1.2576719695776328,0.5332096519690266
20,0.46810723123844805,-1.5855099981640162,2.101171819214272,0.7428378324604297,-0.572045003208821,-0.8036793868700808,1.0407632914938145,-1.2912337930406348,0.2784141148645688,-1.237863051342275,-0.9066274117280473,1.1133065614821864,-2.9368871580570906,2.7723710051210597,1.3776983516582313,-0.8535828991980823,-0.21243864549433378,-0.9632711234137914,-2.071445056217322,-1.4503255397049748,-0.46722435208898877,-2.1952625163510175,-1.8745473683101375,0.32806529394359724,-2.1930408346970234,-1.6104608178359534,1.2048857697383049,-0.8683402587578797,0.05885126104937267,-0.6862655666144905,0.22531463241915797,-0.1868418597986947,0.1550132964479224,1.4854660387739742,-1.6694764790629784,0.4679767995132256,2.1339876888812928,-2.4111111195621953,1.0481433113558418,-0.7545563473813731,-0.46074413218231375,-0.37948522984796407,1.9933296671873124,4.013722868165813,-0.6421118861370526,2.576666887960261,3.5170932460257136,-2.5384734496455224,2.24967724617124,2.7523026875765235,-3.0435394613054387,-1.0790605101802293,-1.2980596721878268,0.18324079246690217,1.112925382316197,0.8782049823243107,1.0176395663462094,1.7970955497807828,0.9697000313428986,0.81453453394801,1.6250505236216661,1.034422199487979,0.8319819404305306
21,1.1926792011696452,-1.8325383845701992,1.8371050700398008,0.16655475660976793,-1.4228248731935034,0.6486142381024995,-1.4159626811644002,0.1582754458038869,-0.3422214648985704,-2.7017909891892895,2.049116328035452,-0.944484368446713,-3.2805561016127633,1.551903299730497,-1.28801479391606,0.5727144912282617,-0.9714900782961615,0.40211208559514905,1.8568420067877227,1.1041442135513237,0.9600868222886381,3.7400069956819104,1.34554902361449,0.9166218831316878,5.489585145807853,1.052812901746144,0.5165399903335393,0.44070137164943246,-1.3814681186088444,0.11491238226139633,-2.1745737209729277,-0.08652897748495386,0.713761548361647,-2.3847290399064107,-0.056275589043051924,0.5543732116714566,-1.7636861399141959,-0.09054262225939894,-0.08525158639388652,0.7229642460618737,-0.721980176173332,-0.007179095165609932,-1.8251257104295837,-1.2390781723204851,0.13791059327456534,0.22761661408663325,0.29115807720614284,0.44192879258211065,2.2719743573875624,1.5630601799336683,0.24770461011543252,1.4911866739688255,0.08407292969519042,-0.07049661493487612,-0.5163558172138669,0.4504145753919441,-1.50987139085256,0.8598437081107303,1.2543025374459287,-2.2142840282191205,2.472839698000951,1.851025769598206,-2.6402989319783092
22,0.6596268115650125,1.1348058542442911,-0.3649326728440862,0.37398602537641124,1.3451846062254278,-1.9395078808731965,0.43218958887949416,2.13200648301014,-1.369002068961562,-0.08950502508826905,2.712084915900686,-0.6872559071481062,-0.6974977050035542,2.724820232089652,-0.3003073624303921,-0.04131878274771669,1.0419004731516257,-1.4436329256113856,0.3205456584285054,0.6524109075485685,-0.5950076669297069,0.5211472935489858,0.4832533928777803,-0.2518062438599677,0.5267604192216603,0.18539995186065175,-0.12139511627095058,-0.16571356776860882,0.8386957871628968,-0.800855531652056,-0.14782780594619446,0.5848737083187922,0.23238141860248102,0.13245926717872236,0.38651813974199506,0.42346518633984837,0.1698192212894726,0.31207177855808144,0.3230879361971638,0.09689394240005628,0.6836297996665368,-0.12702883226551698,-0.724124007319976,-0.01688762276993847,1.0051372513594967,-1.2202919162424133,-2.21599563046693,-0.12415653005928855,-1.6504871281866644,-3.4037435691249196,-1.5463353093919616,0.5053042926303454,0.593423634332457,0.5171268866745898,0.6044468480405004,-0.27450179955432774,1.3075658735738733,0.5808594113234531,-0.694995097993813,0.7295546341499886,0.4718926254406198,-0.5318529291603331,-0.1444186338156409
23,3.104945825843012,3.42027855984007,0.03969235772014409,2.604828314950266,0.5952989121489948,0.1587569665040844,1.0212208856474525,-1.268300332140925,0.5248532166420721,-2.3121907574630276,0.1577075608949412,0.4980992317132628,-3.4155585701271676,3.698782360467025,0.23710422271794987,0.9848899603182527,-1.3989826661810125,2.7611704621802144,1.137335476192158,-0.17092532973028818,2.9082985107540846,1.2130128480172566,-2.1967568116013863,2.2980214232579925,1.3940483382218132,-2.9798922666071563,1.5904642668219198,-0.20421436690487402,-0.44035339784724065,2.1458789443340263,-0.3886114522419454,-2.2457614659888203,1.2654930117528587,0.2002918853287048,-1.0734246774533296,0.27752187663654504,0.5367091162936549,1.1399728947763252,-0.004350938090095955,-1.0111577838674406,0.8780958036687271,1.5163987242071642,-1.9741145689978559,-0.9633139937113475,1.119782139446242,-1.3701110482307295,-1.468618948825036,-0.38014111047717897,-0.976254310862776,-0.19342078833255727,-1.2776556750599937,-1.2562778255662763,2.544459437598101,0.7947007038649072,-2.459691311593668,1.1187598801839982,0.8649145843622268,-1.708918497631871,0.503840026165392,0.39844201444104843,-0.870657352128093,1.2751366699252924,-0.05885016204503281
24,1.6804275481138886,-0.6041248101749663,-0.3488243284667286,0.8913190866723665,-1.1536904694081385,0.46783094007286197,1.5447645659970382,-0.6696211900301481,-0.23146894447365368,3.629568719015898,0.5866440710396452,-0.4791051989112969,4.91804882832585,1.5229592637568092,-0.6911539488571441,-0.13825640546001286,-0.3279873655193226,-0.3453784430853508,-0.17594251417999873,-0.11610222789652769,0.04242502155852175,-0.25243775897105547,0.7310852371961456,-0.11396196062943341,-0.4303946503203054,1.8148904089308382,-0.20015846953706068,-0.15343906087234885,-0.04597560989140273,-0.23900620215142285,-0.6440294762078587,-0.12136739842592206,0.0817908329478861,-0.25031784988468553,0.7145310012392256,-0.26693927114187804,-0.058808222876487445,1.7723586008542347,-0.6333534459551732,-0.15041278459639415,0.04253298071205763,-0.06536937456994034,-0.8592751812515492,0.07547731333878535,0.9417411726219057,0.08966376538427705,0.4645230461903546,0.3955149773346419,0.8419196209840271,1.307601001949866,-0.40463452126377036,0.08640259171483138,0.19721055847142216,0.04615449076713165,-1.7117473516704373,-0.4191839819437902,1.2075235523896761,-3.0998224862202246,-2.2214195061700783,0.43133484437721864,-3.9061988243761925,-3.4228157279430875,-0.731072138348562
25,-1.1498645540387809,-0.4189819490912173,-0.41464325977102434,-1.1634642115986897,1.008392547373256,-0.8792411644369548,0.08476364065620492,1.6189428157889796,-0.503721345805402,-0.5479455973147926,0.23880947018496773,-0.33362599251423,-3.0671363559274076,0.2625699271970301,-0.5788760566479187,-0.0504836958928782,0.6742918520531521,-0.5622908740295588,0.35048207903291007,0.6787179960300812,0.5250590319110031,0.22926974250055865,-1.9231423569794022,0.689462228078542,-0.1788248434960329,-3.7831158813107293,0.42598736330442677,0.4818904791883802,0.12425492978291851,-0.25437779211532113,0.5532985648227725,1.1476125789992322,-0.49305206863414874,1.4162676875580211,2.0911060807589688,-0.9870891015934471,1.0738459368707105,3.298742261672391,-1.1761992381863042,0.5982478541273453,-0.4156555604787733,0.45537841267445206,0.8955923767437958,-0.35312064635300777,0.2847062498792297,1.7535084511164132,-0.04947137276080928,0.0914919166406531,1.039321464681869,1.1858318811026298,-0.00711122672127958,-0.04119859556053169,-0.820013868804634,1.1674601576946473,0.4021270179190955,-1.9925932615967046,0.5878113663274922,0.4940062353176331,-1.5723059327909452,0.4630879150850102,-0.3285108333080513,-0.4152475973297351,0.3742317643366191
26,0.11667384083897214,-0.08454335373713755,-0.6197204955490888,-0.03708846004010268,-0.36689836488833083,-0.22582250787183092,-0.1797421207474187,-0.839069691878569,0.10886847284482562,-0.2175844214634552,-1.4341902529576567,0.31911598929497825,-0.23615237408454046,-1.8614715259437509,0.5170700589809393,-0.713150087419543,-0.7398931283852649,-0.1741393398745096,0.3149162772962425,1.0417033023913087,-0.2383720901950525,-0.29677328136156617,1.3331772836774851,-0.23557348515996823,-0.9955154255010704,0.7538152019091268,-0.3357521177756949,-0.6867946233435779,-0.07329720988747561,-0.23219318722442456,0.9131290336992798,1.5054323829887326,-0.1928564095963282,-0.0725413226892436,1.3705716604435378,-0.0799744448675173,-0.9202614465215092,0.767801102521593,-0.22148527311994612,-0.29993017165368396,0.39766661217022187,-0.364094964098689,1.1415407491119478,1.391355729818076,-0.22695871188307773,0.3763075425713566,1.2006255995406947,-0.12093972434857914,-0.29565255310664557,0.7229902281296297,-0.2813736723641266,0.18609029036605837,0.5807239777418258,-0.5623676023142323,1.0261317749545682,1.251440911409491,-0.4371826760709277,0.4897306022452297,0.9811974765275923,-0.6571039422863434,-0.0943328525489487,0.6426854568974356,-0.990280019585052
27,-0.6881180989918214,-1.116046776408909,-0.6094490311630523,-0.9221368563332186,-0.6274825628366936,-0.32572938079819447,-0.8129251480345792,0.13391385508500459,-0.5356611254144101,-0.46679239314592824,1.0819524709733326,-0.695325037830489,-0.16496763421728647,1.5823911169370422,-0.8063771139911591,0.24776937954498074,-0.1267986125093611,-0.1988889129700071,0.22661006531086456,0.6308493707299813,-0.2633930524668122,0.01168231166527446,0.7547506853067274,-0.35654806069554407,0.0020762949236179254,0.6037247124998539,-0.4487678799805017,0.7957138942638926,-0.674253132915052,-0.2615096975643582,0.43043765445237864,0.3180783821151187,-0.256783017999763,-0.018650262846457256,0.3204936294758623,-0.2829093162744574,0.002393481099645346,0.15428988571312988,-0.35588103329293325,1.1132041964950823,-1.0901686386209257,-0.35411283155980083,0.6709829879386908,-0.1718409373178494,-0.33260036540769317,0.22413726609291848,-0.1618912320553183,-0.34478399935646464,0.2336130217551712,-0.26720650831130777,-0.41160843735090324,1.2067261453155824,-1.3937278813027623,-0.4786768871556152,0.8203196098773025,-0.7925302914279097,-0.3686499885911211,0.4488448063406793,-0.7329176785783599,-0.3089848165661151,0.3730780709307058,-0.801363034272737,-0.29870394972974307
28,0.27244142298041746,-0.12751416677613844,0.889710761066603,-0.48107723555355564,0.19167381310740159,0.17000905375666417,-0.9853762386551251,0.7119484917324113,-0.11465340252565696,-0.9367112427097177,0.8111139553099167,-0.19600202984774479,-0.5924615483501989,0.5331143710210536,-0.1799348711700881,-1.014510251046127,1.852807575442507,-0.8421711012543966,-1.181622643846381,0.9918088145504315,-0.6939983388128463,-1.21615566498111,1.004405676365416,-0.4681855896614642,-1.1913869253295706,1.0341660522245553,-0.2797116771267237,-0.4295398866000919,1.549935137321534,-0.81954602798653,-0.399752929856487,0.4277700098407347,-0.638442972455826,-0.4142111554924453,-0.033952928118224125,-0.41925615098237873,-0.4052752117862378,-0.12349369040855576,-0.2796464618601121,0.2476368522751606,0.8463874237156748,-0.7376034660813899,0.22841024861327636,-0.13850624562569588,-0.4144920609689445,-0.064950307648284,-0.3948386519947733,-0.19301145913536857,-0.2364911227777659,-0.3078392207971556,-0.047286028632132875,0.8568916070113402,0.15071106310728657,-0.5970326443516142,0.6251310980975074,-0.4897505275804989,-0.18104975384881658,0.2927560941270027,-0.4885105218476333,0.010136806070620825,0.09934380345844128,-0.2969809193764848,0.09315218941249678
3,-0.6950000793516296,-0.4999179341739764,0.7589518481473575,-0.3130028323636819,0.15230246268301562,1.583868299996284,-0.48427096444862044,0.7278201838165287,1.082958703471968,-0.17923483333506723,1.1743848049243177,0.6924783409468052,-0.239729559378918,0.8938407952080782,0.42242849117801606,-1.9732346942803698,-1.5324587286714364,-0.3802380994640105,-1.8066653203541023,-0.6595682550151758,-0.10647769837479057,-2.3144069215770577,-1.7839959084339867,0.08393033349445295,-2.733936744226314,-2.632354151919796,0.10110735902372034,-1.6881951852316115,-1.447795394932652,-0.8262117773916543,0.21824099176507739,-0.012786008974729163,-0.6223754271615988,0.7075570053979601,0.5334323463612709,-0.38795417617354194,0.5690699650612743,0.6616954534834193,-0.23027977819079495,-0.6404570169389486,-0.8254362560938687,-1.1100951228210065,1.3497938962914382,-0.09157484596334896,-0.727532536042317,1.8172341705684096,0.4198483032134407,-0.5098844527894327,1.6217673459950976,0.7262324440320038,-0.3691317161783161,0.8625310337038435,-0.19774831057671782,-1.2945822577967632,1.7593213980410234,-0.15353123744208494,-0.8447090187187908,2.0370102441114977,-0.0009439563276886252,-0.6213345179575342,1.8720395164155434,0.20331027907706134,-0.489416067481101
4,0.4999415404853819,0.09095014321977402,0.5121084206871362,0.5850407428697969,1.8597052117129425,-0.4440413037770533,1.435596571818414,2.5515071659657016,0.406744372029008,1.6584408935434232,1.9803171466822647,0.8321711563508704,-0.6011944946333564,2.487777522519884,0.917872436860615,0.4806986109496325,-0.49740264055592476,-0.5935615759430907,-0.8730745485668904,-1.7651179068538996,-0.7459429864803243,-0.30805281971108933,-1.1949142970060067,-1.2518672799722312,-0.2209956430721934,1.2480722071709878,-1.2621575147442154,0.5332262770462806,-0.43445589213174185,-0.06919934524127651,-1.1217614901324238,-2.0631434794846255,0.30462407145650683,-0.4402775155464413,-1.538908252252674,-0.011822273950137045,-0.2773833370551491,1.065254069370306,-0.1959424350753335,0.650115097825215,-0.3518926251147859,0.5420334388021701,-0.721979240568549,-1.8849388202525583,1.2535453103965841,-0.47126813394080186,-1.7760300682048444,0.5942357572211914,-0.40356853704108736,0.7117526258324502,0.08556917378623413,0.5287230384762032,-0.5054283992274723,1.0509406535051848,-0.5233652687104615,-1.689404867373285,1.085258307619689,-0.46524888715445806,-1.4943180685447428,0.0702551378950334,-0.3249583742586515,0.30116721655991546,-0.6053468064629794
5,1.6893718731109406,1.4739949162485886,0.36623810557359915,1.204988701495988,0.5137662598190352,0.5085899464262503,1.0013352619128657,0.7407683000041317,-0.05006853438632161,1.517715516490249,1.7172864325515926,-0.4165548144312482,0.24095394548137364,1.5539356067953312,-0.670554660313824,0.7833584992537681,-1.207569515981858,0.7332390311239106,0.2458139451064151,1.109188064800288,0.20376797423020462,-0.02018449066373936,2.5746060465985012,-0.4741196439742049,-0.20124786398620584,3.02330641058976,-0.8037933436675447,0.800277023276356,-0.46119655345677385,0.04044102142808751,-0.6236500360833039,0.333642257564959,0.5365779336967403,-1.0838331088860202,-0.547859255103733,0.4131030853601384,-0.9859286137655509,-1.8134160351403001,0.04754822050453018,0.5113911270326094,0.2300330751989594,-0.9175005600731777,-0.3223324203004758,0.0014656824507816072,0.040173298221571486,-0.27350015932055927,-2.0888226213502663,0.2067180409717776,-0.008363169295798943,-4.251468542054126,-0.07752647130420226,0.28541188903658204,0.926042916567073,-2.0334662003082444,-0.23438208260736662,-0.3905708955629981,-0.9160011963516711,-0.6185714790521135,-2.0592541563233557,-0.12751127719613725,-0.6867280471333455,-3.621343393403824,0.20093033149174097
6,-2.4375977197015204,0.5505173862217291,-3.2869965234276997,-2.23701622357775,-0.37519633320875945,1.216701151922953,-1.376707572157819,-1.0288142563620386,0.28424694065906936,-0.1873145047662619,-0.7075504870001589,-0.2674789596103512,0.6565515745669284,0.2621810464372833,-0.7883361246413026,-0.7605187555790198,-0.8528739453041689,-0.6591550309640009,0.451573795096893,-0.8543226592534217,-0.08272736746103251,1.4896365223007253,-0.8646989632496875,0.10957000542119463,2.0443783008309597,-0.5588046883741615,0.09712625872507198,-0.12401371077401321,0.09020256368813336,-0.860291277948347,0.02321006982454981,0.607732205946891,-0.11237805993005887,-0.9753353980972872,0.3617281890605293,0.2241013000943495,-1.819812845868163,0.1375193060760663,0.23874257881199318,0.3425079162639555,0.9189840017318625,-0.8887661339682215,0.5326411841054376,0.8276560377562653,0.15499885804426936,0.8788483155756464,0.5232457234798848,0.22781217461767983,0.9841005378422926,0.3400946119044444,-0.21515232994915837,0.6665065382028473,1.3722941048596253,-0.8270144815137811,0.7469200091120161,1.3955945027013865,0.06741025941083545,0.9045453775011725,1.0991528216288482,0.24840962739204409,1.0154601363144724,0.8084769501180947,0.061690885655138805
7,0.2777799091055337,-1.176668973795944,1.6209279171046822,-0.683004633201585,-1.7578857196324311,-0.6368225557873225,-0.8838182271132683,-2.084704912223395,-0.5919063408367841,0.9332339430921618,-0.007420092366435891,-0.5119288723348996,2.664940542062378,1.0783732185580135,-0.5948393804191496,-1.4413338111915395,-1.4523007469728928,-0.19225936751512357,0.08718791953129991,-0.39613613796339603,0.39955217543681415,0.7896014221729846,0.11460865284730443,0.6012685941121789,1.2453783053270406,0.7774652986682912,0.6708389441221836,-0.5514045909151256,0.30135411773463594,0.012138831738165394,-0.018136969740628388,-0.4603671575525433,0.6051463654688095,2.0837321308570442,-0.5514418769392405,0.2664743075053315,3.7925171233385444,0.1275767812753897,0.09506699105334324,0.4760199119568062,1.5511073571614267,0.3524361882385256,-1.0676650939437793,0.5732250758450163,0.7625355561360339,-1.265798562776414,0.2520644493659775,0.3245251123295761,-0.9325661649294569,0.5446019359378784,0.15654691784056088,1.6544733321413685,2.205302127084404,0.7132813995768407,-0.8039462095607841,2.0592445648438575,0.772052383465877,-1.9203367150747312,1.154262359889059,0.38913118597765367,-1.9750326210388176,0.9098193275133053,0.2310245748436763
8,0.017830408515740755,3.765048810999239,-2.2115048015944745,2.197635934168255,2.7013846452104593,-1.0590788211744804,2.7465110485799706,0.6028244626955721,0.3594986726525565,1.3582857496804817,-2.3861266405760224,0.9515152859924881,0.037551103986173825,-4.655861993907135,1.6717698548506508,1.89854585665861,-0.32017991384311834,0.698459727203433,0.5126946843311337,-1.1144813523395778,1.1287161793751945,-1.3370867437919285,-0.1558768401071604,2.470562067072621,-2.3955962166051705,-1.5487116244133228,3.467697311202281,0.9054765937198723,0.7409571692066254,0.7281834454727905,-0.1698894355626776,0.8834815030213028,0.6992534764696853,-1.6975830246657555,1.1519345444704812,1.7202782322089,-2.2965673857278714,-0.8453086803395875,2.6194849888758736,0.19703991172239047,1.6745634363164248,0.5673447943847774,-0.28375244875994915,1.2389916447691118,-0.7476918603185214,-2.058638934701362,1.8975127827482932,-0.028409523277110632,-3.078822759082478,0.7712224191393392,1.225500277035526,-0.48651332249100193,1.714025039119213,0.48091110678771926,0.3401005436915273,-0.8514814148380411,-0.15231481162416804,1.7027580261052877,-3.0740028786479714,0.3876412321836002,3.195488029485591,-4.9664742190173365,1.2311196834189464
9,-2.155917642100364,-2.494817427102418,-0.9611515319372241,-0.5809928426400542,-1.9903776931448258,-0.7015302888297184,0.7944528251753963,-0.45979445282407977,-0.7849330211366923,1.5965333199518854,0.7714039054530962,-0.5809671735414448,2.4490121410503725,0.7332081935588234,-0.24514844347028208,0.5637934501121209,0.8698739974718309,-1.3517248849116268,1.7963753071913777,2.1465300903704616,-0.9601560387347695,1.3428486848227743,-0.008086289225609698,-0.5173079485712746,0.7949012216656033,-1.3721972570887364,-0.24149348420823696,-0.5305233467681381,0.14441457617731845,-0.9939092236756633,0.36405307704001744,1.469503607927235,-0.3455239590315783,0.7737748903969133,1.1165539085811478,0.15683692843644512,0.9618506662964617,1.060494199296637,0.27988870254986814,-1.4609637369983872,-0.5957419972817848,-0.49053305723461355,0.1292814830941862,0.9609093011683681,0.24399929816959495,0.6099860096011975,0.6737536249917829,0.9039932757371487,0.8130133237435072,0.6744552176563652,1.0872612378177482,-2.0842037547674783,-1.342897046579934,0.03136710861724095,-0.5146239389361129,-0.015446567645793493,0.8408280803178689,0.1497053598143073,0.7821815109716417,1.2017383580024659,0.4058669308494909,1.6111268260896756,1.21000288547709
