class,feature,coefficient,abs_coefficient
call,x3_scale,8.405231096533685,8.405231096533685
call,y4_scale,-6.814193891968699,6.814193891968699
call,y14_scale,-6.17341424128327,6.17341424128327
call,y15_scale,5.938050167422942,5.938050167422942
call,x2_scale,-5.64796074782483,5.64796074782483
call,y6_scale,5.352517021624291,5.352517021624291
call,y3_scale,5.34345702317227,5.34345702317227
call,y13_scale,-5.141521485838767,5.141521485838767
call,y10_scale,4.934782480627139,4.934782480627139
call,x7_scale,4.6995015248341465,4.6995015248341465
dislike,y2_scale,17.35694335169956,17.35694335169956
dislike,y3_scale,-15.349415110717482,15.349415110717482
dislike,y13_scale,8.25966977021103,8.25966977021103
dislike,x7_scale,-6.945469061631686,6.945469061631686
dislike,y17_scale,-6.327873443021583,6.327873443021583
dislike,y5_scale,-6.001808525767419,6.001808525767419
dislike,y15_scale,5.857795942776268,5.857795942776268
dislike,y4_scale,5.761173250899017,5.761173250899017
dislike,y1_scale,-5.283710445162885,5.283710445162885
dislike,x8_scale,5.22182550120455,5.22182550120455
fist,y16_scale,-11.198419514475532,11.198419514475532
fist,y10_scale,-10.699571020613606,10.699571020613606
fist,y15_scale,10.369922999160964,10.369922999160964
fist,y18_scale,-8.381217947317218,8.381217947317218
fist,y11_scale,8.300524635872383,8.300524635872383
fist,x10_scale,-7.545833844637608,7.545833844637608
fist,y1_scale,-5.735286216272951,5.735286216272951
fist,x14_scale,5.2979305896499085,5.2979305896499085
fist,x19_scale,-5.097407812129908,5.097407812129908
fist,y19_scale,4.4419003280757074,4.4419003280757074
four,y3_scale,-16.456807297985268,16.456807297985268
four,y9_scale,-16.052113625820645,16.052113625820645
four,y5_scale,12.572752637463209,12.572752637463209
four,y4_scale,11.274360318344138,11.274360318344138
four,y7_scale,6.668993425969112,6.668993425969112
four,y10_scale,-6.614732855105338,6.614732855105338
four,y13_scale,6.233289193799951,6.233289193799951
four,y18_scale,5.4573300064541606,5.4573300064541606
four,y14_scale,5.397876274727878,5.397876274727878
four,y8_scale,-3.7098547260645605,3.7098547260645605
grabbing,y11_scale,-9.837964116341398,9.837964116341398
grabbing,y7_scale,-8.210019946719823,8.210019946719823
grabbing,x18_scale,-7.739672037023215,7.739672037023215
grabbing,y8_scale,7.2315910607860845,7.2315910607860845
grabbing,y12_scale,6.823676629358982,6.823676629358982
grabbing,y9_scale,6.752687989795362,6.752687989795362
grabbing,y5_scale,-6.470457084538034,6.470457084538034
grabbing,y6_scale,6.361124461592083,6.361124461592083
grabbing,y18_scale,6.349201843511624,6.349201843511624
grabbing,y15_scale,-6.250899374849179,6.250899374849179
grip,y3_scale,11.508060509468303,11.508060509468303
grip,y2_scale,-7.4456817813817056,7.4456817813817056
grip,y15_scale,-6.889902947999332,6.889902947999332
grip,y4_scale,-6.510688340555247,6.510688340555247
grip,y19_scale,-6.369690511054059,6.369690511054059
grip,y7_scale,-5.863070076036354,5.863070076036354
grip,y8_scale,5.240089780429459,5.240089780429459
grip,y12_scale,5.216681641449448,5.216681641449448
grip,y16_scale,3.6592137141432617,3.6592137141432617
grip,y9_scale,3.58517465353519,3.58517465353519
hand_heart,y4_scale,10.177925472557721,10.177925472557721
hand_heart,y6_scale,-6.901447925526146,6.901447925526146
hand_heart,y20_scale,-6.715243266112984,6.715243266112984
hand_heart,y8_scale,6.4549134352906,6.4549134352906
hand_heart,y13_scale,5.555791435121181,5.555791435121181
hand_heart,y3_scale,4.696601075586025,4.696601075586025
hand_heart,y12_scale,-4.526814312080889,4.526814312080889
hand_heart,y9_scale,4.291131458573609,4.291131458573609
hand_heart,y2_scale,-3.4964230840096913,3.4964230840096913
hand_heart,y5_scale,-2.7264413939824355,2.7264413939824355
hand_heart2,y4_scale,6.463452834303528,6.463452834303528
hand_heart2,y10_scale,-5.31902762546034,5.31902762546034
hand_heart2,y14_scale,-5.198767899390767,5.198767899390767
hand_heart2,y6_scale,-5.118929179286685,5.118929179286685
hand_heart2,x1_scale,3.188544134737435,3.188544134737435
hand_heart2,y12_scale,3.0943002592176523,3.0943002592176523
hand_heart2,y18_scale,-2.8646294212679146,2.8646294212679146
hand_heart2,y3_scale,2.5440087172658155,2.5440087172658155
hand_heart2,y1_scale,-2.480301123005454,2.480301123005454
hand_heart2,y15_scale,-2.397697914477046,2.397697914477046
holy,y1_scale,-12.36336761175485,12.36336761175485
holy,y0_scale,12.115719660819488,12.115719660819488
holy,x2_scale,-8.516819757011666,8.516819757011666
holy,y12_scale,-8.385555655725687,8.385555655725687
holy,x13_scale,-7.997701425707117,7.997701425707117
holy,x6_scale,7.739718478420097,7.739718478420097
holy,y18_scale,7.33443487212546,7.33443487212546
holy,x3_scale,7.016485269288792,7.016485269288792
holy,y8_scale,-6.968979313307508,6.968979313307508
holy,y16_scale,-6.8485074666788455,6.8485074666788455
like,y2_scale,-12.81597874191465,12.81597874191465
like,y1_scale,11.300845809899041,11.300845809899041
like,y18_scale,9.615794379812561,9.615794379812561
like,y19_scale,-8.16486445817909,8.16486445817909
like,x13_scale,-8.021419692882786,8.021419692882786
like,x17_scale,7.78193256929771,7.78193256929771
like,y13_scale,-7.5294835511793385,7.5294835511793385
like,y17_scale,6.949146519342076,6.949146519342076
like,y3_scale,6.799574010606809,6.799574010606809
like,y16_scale,6.221331794813034,6.221331794813034
little_finger,y18_scale,12.343991790873119,12.343991790873119
little_finger,y20_scale,-12.152585580360912,12.152585580360912
little_finger,y16_scale,9.722108241818963,9.722108241818963
little_finger,y8_scale,6.365537236987725,6.365537236987725
little_finger,x8_scale,-5.998880065720798,5.998880065720798
little_finger,x11_scale,5.912944396613942,5.912944396613942
little_finger,x12_scale,-5.681720170654283,5.681720170654283
little_finger,y14_scale,-5.168403908718841,5.168403908718841
little_finger,y13_scale,4.3262036181427455,4.3262036181427455
little_finger,x7_scale,4.229792614191646,4.229792614191646
middle_finger,y3_scale,-11.175534234480303,11.175534234480303
middle_finger,y2_scale,8.73823516794556,8.73823516794556
middle_finger,y6_scale,-8.222478155282829,8.222478155282829
middle_finger,y17_scale,-7.556257148955572,7.556257148955572
middle_finger,y12_scale,-6.683459441797756,6.683459441797756
middle_finger,y13_scale,6.125883063529736,6.125883063529736
middle_finger,y7_scale,5.5500992467309,5.5500992467309
middle_finger,y14_scale,4.987652199290709,4.987652199290709
middle_finger,y4_scale,4.757056255278252,4.757056255278252
middle_finger,y20_scale,-4.684670828130974,4.684670828130974
mute,y3_scale,17.090944654237497,17.090944654237497
mute,y4_scale,-12.154384693731652,12.154384693731652
mute,x13_scale,-10.339653517297187,10.339653517297187
mute,y14_scale,-8.630010486406587,8.630010486406587
mute,y13_scale,8.15955635172355,8.15955635172355
mute,y17_scale,-8.106970243367735,8.106970243367735
mute,y8_scale,-7.939981921948411,7.939981921948411
mute,x14_scale,6.893710820651031,6.893710820651031
mute,x9_scale,6.749244656020257,6.749244656020257
mute,y2_scale,-6.683750895250442,6.683750895250442
no_gesture,y13_scale,-8.635081401714455,8.635081401714455
no_gesture,y3_scale,-6.36936423307946,6.36936423307946
no_gesture,y9_scale,5.866079748464885,5.866079748464885
no_gesture,x3_scale,-5.279945271461955,5.279945271461955
no_gesture,y11_scale,-5.060882847525665,5.060882847525665
no_gesture,x11_scale,4.893670389081106,4.893670389081106
no_gesture,y12_scale,4.783185168256774,4.783185168256774
no_gesture,x2_scale,4.578032719082344,4.578032719082344
no_gesture,x15_scale,-4.573771878887517,4.573771878887517
no_gesture,y15_scale,-4.198026708694098,4.198026708694098
ok,y8_scale,8.424255838531858,8.424255838531858
ok,y9_scale,-5.672183117857285,5.672183117857285
ok,x5_scale,4.853262856740483,4.853262856740483
ok,x19_scale,-4.754562011977468,4.754562011977468
ok,x13_scale,-4.34441516354553,4.34441516354553
ok,y3_scale,3.985196613411257,3.985196613411257
ok,y12_scale,-3.946789033346761,3.946789033346761
ok,x8_scale,3.578375343971441,3.578375343971441
ok,x1_scale,-3.460942549010013,3.460942549010013
ok,y13_scale,3.3817364390187876,3.3817364390187876
one,y13_scale,-11.74527957656487,11.74527957656487
one,y8_scale,-10.855689473680032,10.855689473680032
one,x13_scale,9.514310495762325,9.514310495762325
one,y9_scale,9.346078445668626,9.346078445668626
one,y2_scale,8.141223160395763,8.141223160395763
one,y7_scale,8.086952876773225,8.086952876773225
one,x9_scale,-7.586204168983609,7.586204168983609
one,y17_scale,6.384860948054968,6.384860948054968
one,y12_scale,5.009778873046521,5.009778873046521
one,x5_scale,4.91978585246555,4.91978585246555
palm,y14_scale,-11.788990646638656,11.788990646638656
palm,y19_scale,10.325385877948161,10.325385877948161
palm,y7_scale,9.976748655439296,9.976748655439296
palm,y18_scale,9.048887423490239,9.048887423490239
palm,y20_scale,-8.640577690818077,8.640577690818077
palm,y13_scale,-7.350095071104791,7.350095071104791
palm,y8_scale,-6.3482270524101345,6.3482270524101345
palm,y2_scale,5.996255624815337,5.996255624815337
palm,y9_scale,5.965185182011611,5.965185182011611
palm,y1_scale,-4.509443699790887,4.509443699790887
peace,y9_scale,-13.532369464935707,13.532369464935707
peace,y13_scale,12.493915046339193,12.493915046339193
peace,y6_scale,11.508439349775433,11.508439349775433
peace,y4_scale,-6.009809480866056,6.009809480866056
peace,x13_scale,-5.868734615894476,5.868734615894476
peace,y12_scale,-5.672857402909869,5.672857402909869
peace,y20_scale,5.6646914352543725,5.6646914352543725
peace,y19_scale,-5.644552522947902,5.644552522947902
peace,x6_scale,-4.826824771379093,4.826824771379093
peace,y14_scale,4.459776507660091,4.459776507660091
peace_inverted,x9_scale,11.8021380640103,11.8021380640103
peace_inverted,y2_scale,-11.590165220895049,11.590165220895049
peace_inverted,x13_scale,-11.54029703211577,11.54029703211577
peace_inverted,y5_scale,10.589938610453936,10.589938610453936
peace_inverted,x7_scale,-9.358759680481507,9.358759680481507
peace_inverted,y19_scale,9.173215364849126,9.173215364849126
peace_inverted,x5_scale,-8.82905639969674,8.82905639969674
peace_inverted,y18_scale,-8.748413831216011,8.748413831216011
peace_inverted,x19_scale,-8.199240674593531,8.199240674593531
peace_inverted,x6_scale,8.166362919363493,8.166362919363493
point,y7_scale,-13.30500764278295,13.30500764278295
point,x18_scale,10.374505682055114,10.374505682055114
point,y9_scale,-10.14128834570041,10.14128834570041
point,x2_scale,10.066084596555804,10.066084596555804
point,x3_scale,-9.282415612743652,9.282415612743652
point,y8_scale,9.024140981553169,9.024140981553169
point,y12_scale,7.170155618743645,7.170155618743645
point,y2_scale,-6.91524282358433,6.91524282358433
point,y13_scale,6.730935161312931,6.730935161312931
point,y4_scale,6.245911497140449,6.245911497140449
rock,y9_scale,13.049132455835112,13.049132455835112
rock,y11_scale,8.401404873193952,8.401404873193952
rock,y20_scale,-7.626325970264272,7.626325970264272
rock,y15_scale,7.152384787291447,7.152384787291447
rock,y3_scale,6.944063025174041,6.944063025174041
rock,y10_scale,-6.738183883385754,6.738183883385754
rock,y0_scale,-6.0262233549772555,6.0262233549772555
rock,y4_scale,-6.01310317831522,6.01310317831522
rock,y7_scale,-5.586885817596645,5.586885817596645
rock,x20_scale,5.571471421550832,5.571471421550832
stop,y4_scale,-9.071352015512527,9.071352015512527
stop,y7_scale,8.19907768395931,8.19907768395931
stop,y2_scale,6.940459939354134,6.940459939354134
stop,y8_scale,-6.911642001358874,6.911642001358874
stop,y13_scale,-5.983880235618236,5.983880235618236
stop,y10_scale,4.622703101005262,4.622703101005262
stop,y0_scale,-4.215068289454888,4.215068289454888
stop,x14_scale,-4.113333642288992,4.113333642288992
stop,y17_scale,3.663963016203717,3.663963016203717
stop,y5_scale,-3.573595518816035,3.573595518816035
stop_inverted,y2_scale,12.87556931201626,12.87556931201626
stop_inverted,y1_scale,-10.071133104596255,10.071133104596255
stop_inverted,y3_scale,-10.014023114960597,10.014023114960597
stop_inverted,x14_scale,-8.143247763193397,8.143247763193397
stop_inverted,y6_scale,-7.791452068190734,7.791452068190734
stop_inverted,x10_scale,6.681451123726623,6.681451123726623
stop_inverted,y10_scale,6.608541852283963,6.608541852283963
stop_inverted,y17_scale,6.349324381130975,6.349324381130975
stop_inverted,y13_scale,-6.254671831947145,6.254671831947145
stop_inverted,x6_scale,-5.317211167931661,5.317211167931661
take_picture,y2_scale,20.04941841040471,20.04941841040471
take_picture,y3_scale,-15.412151187912377,15.412151187912377
take_picture,y17_scale,-13.571456130460215,13.571456130460215
take_picture,y1_scale,-12.0181321268616,12.0181321268616
take_picture,y10_scale,10.94605149738198,10.94605149738198
take_picture,y18_scale,-10.808504399649426,10.808504399649426
take_picture,y13_scale,10.024141779401736,10.024141779401736
take_picture,y14_scale,9.454123969317042,9.454123969317042
take_picture,y11_scale,-8.174643688864839,8.174643688864839
take_picture,y19_scale,7.711081580402714,7.711081580402714
three,y20_scale,11.675492410914812,11.675492410914812
three,y18_scale,-11.672238384920265,11.672238384920265
three,y16_scale,-11.286911695440777,11.286911695440777
three,y14_scale,7.7704867153142025,7.7704867153142025
three,x17_scale,5.642570260512684,5.642570260512684
three,x3_scale,5.285353282962581,5.285353282962581
three,x4_scale,-5.138058581609907,5.138058581609907
three,x18_scale,-5.06288172832909,5.06288172832909
three,x14_scale,4.649746787885397,4.649746787885397
three,x11_scale,-4.3341908150857265,4.3341908150857265
three2,y11_scale,-9.492869140225327,9.492869140225327
three2,y3_scale,-8.407194245466714,8.407194245466714
three2,y1_scale,8.27667086667989,8.27667086667989
three2,y15_scale,7.718386862801851,7.718386862801851
three2,y19_scale,7.716452109754162,7.716452109754162
three2,x7_scale,-7.47175925697338,7.47175925697338
three2,y0_scale,-7.15482029024904,7.15482029024904
three2,x11_scale,6.860169567369441,6.860169567369441
three2,y20_scale,-6.523168340486618,6.523168340486618
three2,x6_scale,6.418469391316556,6.418469391316556
three3,y20_scale,-13.201170101281013,13.201170101281013
three3,y16_scale,9.972651542038909,9.972651542038909
three3,y18_scale,8.91197445613782,8.91197445613782
three3,y14_scale,-4.752041696298645,4.752041696298645
three3,y11_scale,-4.443815546508801,4.443815546508801
three3,x7_scale,-4.088820442753965,4.088820442753965
three3,x17_scale,-4.03048631055092,4.03048631055092
three3,y3_scale,3.7033514322578043,3.7033514322578043
three3,y0_scale,-3.639452468739581,3.639452468739581
three3,x10_scale,3.442314431118425,3.442314431118425
three_gun,y14_scale,20.65600461122058,20.65600461122058
three_gun,y9_scale,-13.32628679566498,13.32628679566498
three_gun,y7_scale,-10.672284064223696,10.672284064223696
three_gun,y18_scale,-9.902913673070659,9.902913673070659
three_gun,y13_scale,8.896860655756225,8.896860655756225
three_gun,y8_scale,8.071456648575452,8.071456648575452
three_gun,x13_scale,7.846537120372556,7.846537120372556
three_gun,y2_scale,7.348497173286061,7.348497173286061
three_gun,x9_scale,-6.717491633451905,6.717491633451905
three_gun,y19_scale,-6.4846440196088135,6.4846440196088135
thumb_index,y18_scale,-10.529572238918329,10.529572238918329
thumb_index,y19_scale,9.595207121588913,9.595207121588913
thumb_index,x15_scale,7.983230101000583,7.983230101000583
thumb_index,y9_scale,7.600246028171212,7.600246028171212
thumb_index,y12_scale,6.747495100263007,6.747495100263007
thumb_index,y8_scale,-5.763688816071182,5.763688816071182
thumb_index,y2_scale,-5.503681310684679,5.503681310684679
thumb_index,y5_scale,-5.348034264752676,5.348034264752676
thumb_index,y4_scale,4.450080297360219,4.450080297360219
thumb_index,x16_scale,-4.380177149164198,4.380177149164198
thumb_index2,y2_scale,-15.418127380763128,15.418127380763128
thumb_index2,y1_scale,14.052515385130794,14.052515385130794
thumb_index2,y4_scale,8.163836422055939,8.163836422055939
thumb_index2,y11_scale,8.027490171789562,8.027490171789562
thumb_index2,y8_scale,-7.87728042553688,7.87728042553688
thumb_index2,x17_scale,7.144188188696542,7.144188188696542
thumb_index2,y12_scale,6.4459612845024425,6.4459612845024425
thumb_index2,x7_scale,-6.210788497544983,6.210788497544983
thumb_index2,y9_scale,-6.181223530913529,6.181223530913529
thumb_index2,y7_scale,-5.770197975668997,5.770197975668997
timeout,y2_scale,-21.713807426987223,21.713807426987223
timeout,y1_scale,20.44381904865656,20.44381904865656
timeout,y0_scale,-18.31078046702457,18.31078046702457
timeout,y11_scale,17.974546432376492,17.974546432376492
timeout,y3_scale,17.921220240505132,17.921220240505132
timeout,y17_scale,17.432743530382467,17.432743530382467
timeout,y12_scale,-15.175312942251749,15.175312942251749
timeout,y4_scale,-14.593640574377135,14.593640574377135
timeout,y19_scale,-13.59394991019528,13.59394991019528
timeout,y13_scale,-10.079408308409128,10.079408308409128
two_up,x13_scale,14.967625249935256,14.967625249935256
two_up,x9_scale,-10.694807838348849,10.694807838348849
two_up,x11_scale,-10.430953836869467,10.430953836869467
two_up,x19_scale,10.012529310292859,10.012529310292859
two_up,x10_scale,9.472354049707791,9.472354049707791
two_up,y9_scale,9.203297400779865,9.203297400779865
two_up,y13_scale,-8.379074590725189,8.379074590725189
two_up,y15_scale,7.642099211506935,7.642099211506935
two_up,x18_scale,-7.555549721311792,7.555549721311792
two_up,y12_scale,-7.090831998019802,7.090831998019802
two_up_inverted,y13_scale,-11.22770288275333,11.22770288275333
two_up_inverted,y2_scale,-9.41041341702307,9.41041341702307
two_up_inverted,x13_scale,8.80356685602494,8.80356685602494
two_up_inverted,x9_scale,-8.301889431515344,8.301889431515344
two_up_inverted,x7_scale,6.385261722058233,6.385261722058233
two_up_inverted,y11_scale,-6.334579154719998,6.334579154719998
two_up_inverted,x10_scale,5.898278388385191,5.898278388385191
two_up_inverted,y9_scale,5.276866756226398,5.276866756226398
two_up_inverted,x6_scale,-5.272635089763698,5.272635089763698
two_up_inverted,x2_scale,-5.240900380776989,5.240900380776989
xsign,y15_scale,-14.516074069502228,14.516074069502228
xsign,y0_scale,14.507918778771618,14.507918778771618
xsign,y20_scale,11.41725458667671,11.41725458667671
xsign,y17_scale,-8.6646930192952,8.6646930192952
xsign,y11_scale,-8.392663511566337,8.392663511566337
xsign,y1_scale,-7.655519452678575,7.655519452678575
xsign,y12_scale,6.3966707318821,6.3966707318821
xsign,x17_scale,-5.75964129893033,5.75964129893033
xsign,y14_scale,5.694801456528948,5.694801456528948
xsign,y6_scale,-5.511115085734066,5.511115085734066
