,x0,y0,x1,y1,x2,y2,x3,y3,x4,y4,x5,y5,x6,y6,x7,y7,x8,y8,x9,y9,x10,y10,x11,y11,x12,y12,x13,y13,x14,y14,x15,y15,x16,y16,x17,y17,x18,y18,x19,y19,x20,y20
0,2.4722019866745693,1.2127092460840272,-2.2784329802949848,-6.226766703313852,0.07647651978050843,1.3522003756956007,4.229526477098966,4.976141855015304,-0.943375282373652,-6.783515693042268,-0.3628247305212729,7.4550627870575275,-1.9833194037572934,-2.7576621414799343,2.4006575723351955,4.430366314700684,0.08418673968686281,1.739022830881016,-0.7340773660666386,-0.32551248846728664,0.1988838864487259,-3.530701222357198,0.16209093090289256,-2.3613526067485378,5.196022330295576,-3.3885949192477516,-1.5256482771591873,-5.397703790419429,0.2564225245423785,3.0315576072381916,0.3175827363806939,-3.545818320527572,5.611708071845238,-7.861868947829167,0.3065517004881663,1.032338117025692,5.37782004923523,2.2602343098620405,0.2977069866881919,4.03695651595911,-0.15103835582832317,2.35581992957498
1,2.8223020893561865,1.8627433376276057,-0.44972229031510547,0.04460957329646015,-2.407370857514738,2.2079849411374934,0.34435626097330635,0.12818660473004606,0.9877407672331029,-5.750489927228513,0.31288863819516394,1.105092034284061,-0.3472858834020886,-0.4554557756590007,-0.1348401881490922,-2.9175548961750253,0.0016999793583822188,-1.969512903571022,0.1235480576457329,2.378836412587455,0.22818568229439254,0.6487705189278665,1.4112942866814129,2.8229542528901552,0.6845817979378427,2.964775566858357,-0.5302591107353837,1.6772993818027393,0.6416218484693083,-0.6447738308538715,0.5642244215504998,-0.33034353032315117,0.5326992712548966,0.7485679765381206,-1.3314059509243275,1.5067311120284053,-0.38607418244713543,-0.30951647923773523,-0.27875598260714185,-0.8294658614699316,0.4400617180614642,0.2315992547245812
2,-0.8277864261420712,4.751389649967328,0.058998165367422646,2.820560911041954,0.7423175715808872,7.422896721220451,-5.150662732443885,3.4713463339657427,-7.208804862944342,-3.613018001285688,1.960301053628657,-0.9295635458254988,4.110880409523519,2.3254101098820392,5.4266879829541885,1.2390906133328314,6.298151734211224,-1.2253274933724017,-0.8495725921310309,-2.5833478048755056,-3.7520636000450556,-0.5341795643889711,-5.76926223309845,0.015440833671896118,-4.926876660163991,-2.3305783145925205,-1.0866817057500417,-1.498244248288061,0.8853031785989562,-0.07781048433519498,1.7717411737876436,3.342988915698753,2.0384862091039646,4.749761238497809,-0.008337474746752931,4.268113149253843,-4.981538623569377,-2.6952158708404697,4.9953531691493085,-1.614196034823512,8.131657140880662,0.8005205459966744
3,-0.3837077781770481,0.2984263343004906,-0.1650120638476799,0.12377814614068974,0.3014749381397179,-0.12308638558961077,1.6779618041301194,-0.5718299262821083,2.351143357751649,-1.3401329282311147,-0.5209697377023822,0.16530450610280856,0.018355813402817972,0.168440182015651,0.1436692935945857,-0.1029223608200983,0.2131424745038602,-0.22969350405703973,-0.9921202572022827,0.19585952843620494,-1.4816744063619531,0.04871568043853192,-1.9263134557629282,-0.8276754423520152,-2.100329851263529,-0.9468868905378448,-1.2389334951809057,0.43285012502332104,-1.4604372128744176,0.9845372538520932,-0.6819431694366529,1.1784318007407737,-0.15263310600854377,1.290785632723856,-1.0603176159540693,0.5791072594068702,-0.8838950610507865,1.075363424861021,-0.3684206971981161,1.2001637872864406,0.09160045951460612,1.200468687581965
4,4.696494779640452,4.508163514122082,1.3781247557198932,3.3228233811095333,-0.49095112101467625,2.4141604413260356,0.1343302133280003,3.888345010109314,-5.573623943147128,-1.5037546939883866,-1.999739621663172,-0.692767930743142,-1.8363236835136962,-0.7120127239413728,0.1707584830774363,-1.0525441827524105,1.6395266832525734,-1.5679679531473039,-0.07809721926882666,-1.7963215491563427,1.9237585063949647,-2.618600055722589,1.8947018930861566,-4.659137923258887,1.1395169201163193,-3.8937040180113343,-0.47127121667736055,-1.0304413712689784,3.5445152672024256,-2.1827697115224134,-2.288102484349676,-1.737835108948994,-6.011253184797425,-2.4691497016182837,0.7653833210403355,1.7048732924723786,0.0825032323554114,1.7268980660503626,-4.876385515301588,-0.969604857059758,-7.684388582909912,-3.625111356267972
5,-4.483650163489609,-1.5753511638743125,-1.3183109253279253,-1.2836681707304358,-0.6630228422308345,-1.889502611761188,-0.6584398836440827,-3.3847032347013375,7.1366484968514445,3.218114103477284,4.1969529760143764,1.749103556924188,4.498832344782979,-0.5692691466729698,2.1973440306682464,-2.8815047450395324,0.7995534613294244,-2.110445147148344,1.4527009958510584,2.812055962450846,0.46351644009168014,2.0610895870041146,-0.7358636169363044,-0.6876450410665046,-1.069967538656758,-2.7291503238988413,1.6431503776408674,2.228376558386338,-3.3425394137702327,2.506144231359144,-0.601598413099222,-0.9701404880354153,1.763048183464698,-1.377557681150405,0.20152567233106242,-0.4680057558991885,-2.404214984595381,-0.06951082255244992,-1.518704847593319,-2.133617298978233,-1.0288789746039524,-3.1964770198263515
6,0.19702222129869656,-3.1985052934714715,0.6062571109429541,-0.47680941493421675,1.5259164349758865,-2.8766079774838698,-1.0605724885891106,2.9759029377162944,-5.047826164879017,1.519209525329758,1.5677323479942464,-1.299086667544047,-4.046810785737962,1.5456766423373818,2.590410755061044,2.6342377999112876,5.243688281935698,-2.5292266218056403,0.26472131642809027,-1.0940858061494758,0.37075601512985085,4.664549577367427,3.2771091780203934,0.2574663124344019,-4.198734244880966,-2.8480356257649593,0.9522553039322013,3.60722804967408,-4.482435473002047,-1.951897183201234,-1.5675006830480984,-1.8606735085394555,-1.6077080941208846,-3.5232104937643847,-1.528535732093316,0.8053991294106069,5.594626693934071,-1.0732548987917154,-0.15851325704432306,5.038106684004003,1.8585291034833566,-2.337314925779561
7,-0.744611530737073,0.8825591133955604,-0.945378786349675,-0.5143505938811264,0.9756345594221436,0.030819187682389133,-0.49984326811631685,0.7419742143763582,-1.0692167037403242,1.801402869627289,1.3677521945836735,0.04131244705003738,2.41605197211318,0.7779147582261517,2.2311326713724813,-0.8123394867830674,2.1976971722359613,-0.8059738188260744,1.3379801645306602,-0.030174837137903865,-0.36200201900954615,1.470891784458353,0.5954855591433228,-0.01776124049680852,0.36309188725237534,-0.6899988068074796,1.3670372531492467,-1.2328193287247895,-0.7051309155793198,-0.6140561043456705,1.9442397783518102,1.880930562808898,2.820363473154243,3.4507047663177155,0.08256433587039096,-2.0869470272267896,-1.501287987217709,-0.1689013597262158,-2.488542555215375,-1.6455054846266337,-3.4426866359899067,-2.907479690387595
8,2.8872038430930336,-3.1459413352496237,1.5523731078340257,0.8267293704652154,-0.1845539008281877,1.9042653744048388,1.2499630745016521,1.4159384396778634,0.6754606488597085,-0.7341335919380352,-2.2502385335946857,-0.6357071830602309,0.41984581597370185,0.3414269573574382,1.7477892411934002,-0.8663287776547547,1.6259465511980977,-1.802715661848304,-2.399187624434045,-0.5978865312383334,-0.14428629283862301,-1.519665231875214,-1.0279088854250922,1.783087893926615,-0.8557069890853288,3.2455351553562153,-0.9338531457069241,0.33849972104273174,2.8246798194549982,1.5312039043617434,1.2939407623595578,-1.2900468214176484,-0.01766207510110283,-3.4015244962979216,2.46997736096905,1.0909361528004833,2.2573344084536022,0.9892394598019495,-0.525765811138877,-0.7931678183757215,-2.505170567313382,-2.498637092575941
9,0.6758753157190043,0.18701519413196396,1.0646152148954022,0.09922831431529552,2.0900378222770057,0.34145089662940065,1.5428130206133779,0.4134485311959788,0.6139518945275747,0.5907191244095125,0.7245834426717889,-0.02476787198400412,0.6771117198337343,0.2984057778112247,0.7143467090726998,2.2803407146545496,0.562831323926023,2.6691800958625027,0.5515239510408746,-0.33893039785251045,1.0187401439654777,-0.3267049119846479,1.002175615416122,-0.8171374705696542,0.7884791734150605,-1.0718587172633354,0.25741544477834416,-0.4944841084441076,-0.39953992855753906,0.019451945083039563,-0.9580613504906194,-0.27939681222024815,-1.1365369155969347,-0.4833503405716051,0.09512329598880806,-0.29539822531554094,-0.9606958639425789,0.07967431440718807,-1.336710281055765,0.10300353884267796,-1.515629021647814,0.1080438693402736
a,1.8954932790455266,-0.6483765702433318,0.7235410714608486,0.7123169067345932,-1.7646708716860453,0.7230257117385417,0.4395444958656123,-1.7763251057924139,1.9092168821724802,-4.782277273885987,-0.7692743856728368,0.954057374201495,-0.11449752480601649,-1.5028287621995395,0.14818536168050633,3.151707437765365,-0.10222480067809601,2.0381394727913094,-0.38540912256058796,1.0116014082511342,0.23997784764663724,0.2650451640705873,-0.0011269959242652854,1.1171682489865862,-0.15806361757026827,0.08312154171968211,0.07144567033417955,0.22875857611270695,0.33624077859914,-1.0189723380340852,-0.7415780735475329,-0.13265277243296136,-0.3053225873914432,-0.2538220500828465,0.9859887656897582,-1.2750468853543753,-0.6798329484082729,-1.4143910144782623,-0.5908195659306774,0.6450115476819839,0.25310415930484187,1.4077422093297833
b,-1.286640438725852,1.1003692184367073,0.036311229067371276,0.5220833007356771,1.4607128661158724,-0.021874232914255064,-1.5488940477584283,0.3979443582220974,-1.692144022968335,1.2363374566410605,0.8090351472305157,0.21620934666363995,-1.6490395387264254,0.7524628472652827,-2.652139459279091,-0.6423624881045371,-2.9807499002549673,-1.8522795505779737,0.7085817581909576,0.4511076947333966,0.49969262740119896,0.8227610719936437,-0.411533549008696,-0.7461710516578752,-0.8956721941901139,-1.5273513762825124,0.2147163389954388,0.42968703048943224,1.5885241178787832,0.4654741724230974,0.2504649939290281,-1.8818485727064054,-0.3740202304415645,-2.9699386936910743,-1.0621944501697316,0.2098382687236283,0.553354296671526,-0.3092840739079867,0.46449640314679863,-2.283021078877899,0.5103520291315048,-3.5400775968838105
c,-5.779085552302191,-1.6321593587100742,-0.9777438836006567,-3.553942316040069,0.4714456845130498,-0.1976863648936843,-1.1458097781614536,2.424252131625397,6.807142570045867,3.4048129474424154,1.6309616328426897,-2.4754850495202665,1.2708781642327216,2.675267224093724,-0.47868676077322286,-5.419391251337354,-0.6575595067282095,-7.4988205089542435,-0.8542875104843991,0.154139078257598,3.9916986682511473,1.0846986970632018,2.780696440012254,-3.834621758195487,1.0610737312058718,-2.221329487298971,0.3008348359333614,2.087284059324481,0.8673863361964134,-0.880646524677423,0.972086593739727,-3.5906327311080948,4.737706291660817,-3.376547289320502,-2.2626516777196644,2.6062508800202044,-1.2093626433506512,0.18689458685448815,0.9900585171183219,-2.623428846210474,4.4598111930219515,-3.0389768363033793
d,-1.4487388111531114,-0.4149402070576541,-0.09152842766392805,0.6387228121201847,1.5875352487460486,0.16528212068311227,0.25809573412218473,1.2829763428654053,0.1445113102524269,4.7065197263290655,-0.37235991517297723,0.771513945691344,-0.46209317830581276,0.08225400554974834,-0.22034938885533098,-0.5289218007160585,-0.11946175567233523,-1.0393182840496944,-0.38702926250267805,0.0915393693901796,-0.25113332080899464,-1.894392919518594,-0.012706240348630835,0.8562204939294011,0.458260109548313,3.7732344343727595,-0.14050622419543055,-0.1541466463354647,0.37059900067965684,-0.7908982656274302,-0.3065079667614654,-0.32901586668195326,-0.11966250628151333,1.4985379751785868,-0.046003879408042556,-0.54543697581152,-1.2745912861007287,-0.9588649064341499,-1.034366126047854,-1.6540920257483316,-0.08601992761762425,-0.2900138078217912
e,-0.8667025809871075,0.7905924733217374,-0.3154174199869624,0.7340364982929797,0.9057790392751953,0.6799075930422955,-0.48476110348174944,1.2859883451154779,-1.5318998640577175,2.2506319799762857,0.872498641353319,-1.0019840087593104,0.01328145913627418,-1.8482634707964565,-0.034639103693421394,0.04715366223336181,-0.09863389120302044,1.0131299200144974,0.41623441545922835,-1.4512897708776928,-0.3502861930249944,-2.1105235407251315,-0.10714745741213115,-0.37686039433490515,-0.19951133824159042,0.14935362474732458,-0.38664296406717796,-1.6824524347743792,-0.6460210342799079,-1.6219887809389204,-0.2993080856265355,-0.7214722953880045,-0.44806572524669747,-0.37506123440448175,-1.071101145455324,-1.5227445599304004,-0.5636427203122927,-1.3218395898630664,-0.11337969793183768,-0.8553820553537224,-0.10030136662875305,-0.5767388813936339
f,-1.6226637795685788,0.842215335388819,-1.6884809940073389,0.7290680600146034,-1.081806260952121,0.3372578322711404,1.072361547222723,-0.1565079062603695,0.8382220441647005,-0.9740923283884572,0.01495251086150473,-0.28268449223724,0.0983344134613,0.26339327266733914,-0.5192636755047697,1.4740607938745414,-0.7646670744009186,2.439007662145663,-0.0021551158565139427,0.009268146572167145,-0.08604748464115278,0.12285172109209991,-1.0770939168011389,-0.31405051362061354,-1.4018280545474502,-0.611411352733163,-0.06115279627480711,0.3154553040389095,1.1408218910640957,0.1416050535815566,-0.09604986876992909,-1.3666956820535785,-0.6962876481221758,-2.1266601135258414,-0.7141154972034319,0.3572884495172171,0.6793254316943846,0.1944996551519658,0.548108968326316,-1.048418616747395,0.6439196773250695,-2.0295683738266765
g,1.590559813713646,-0.22502275146983317,1.829472023454985,-0.9149159485421734,0.4997170785452004,-1.5642474395488917,-0.38383870015537835,-1.8320168766631657,-0.4280976124689597,-2.2314914018594902,-0.8954588587233806,0.12595857743222785,-1.9882829558634358,1.0205710624059674,-2.2657551045927926,1.0402641092679588,-2.314504903488196,0.7193867922037722,-0.9860003430679365,1.300089356542143,-0.5043422824677233,1.6145293578675077,1.573167868096091,0.2309287368146962,2.126944521784275,-0.13881637693460674,-0.4649820064234056,1.9713411517677952,0.26512773483194624,1.3105884628023152,0.9597372948328139,0.01173777188364485,0.9085226073337108,-0.36744109934941294,0.42796529975808795,2.1301211171903387,0.7110428084858619,1.6380001103808914,0.7884063211013416,0.472246177943357,0.6737224936492824,-0.0015579377934518664
h,1.206810828325685,-0.6222343916435531,0.9906331880416532,-0.9407724687868095,0.26855423046392424,-1.0690474177581688,-0.11183204579679168,-0.5661081332518506,-0.21062244618767756,-0.05036264858180829,-0.2995854121180046,-0.6238621968109587,-0.814243599415334,0.12967336072606472,-0.9524502561681627,0.5550415615962233,-0.9995032545623177,0.5933848271185386,-0.0698758787948927,-0.10227668812760989,-0.9956370998838703,0.2402323772643663,-1.52666109334356,0.23766503167141367,-1.755229475331759,0.2097566910440205,0.5419710492621385,0.32955101210249155,-0.09893651997853818,0.6788104837469033,0.5555575074298322,0.26052378183566327,0.8059958856168433,0.015135717142175108,1.077178119483522,0.6496027161129567,0.4212374131311757,0.8443158985783169,0.6582147682975501,0.4880919921314778,0.7176741963534525,0.20341673071211408
i,-0.44414857927675583,0.671261452731869,0.25839012344686313,0.5081847507702427,1.18444713743637,-0.025980209450901456,0.3079386967017057,-0.9525368356972986,-1.688223676465544,0.1857507007678882,0.5167649369371705,0.19779631863837951,0.34935985573931666,0.44586500316335237,-0.074404745983475,1.8296813398290686,-0.2531813713335041,2.2042423825452535,0.33535606197999135,0.028580932112347513,0.027728600298484115,0.30182207055927873,-0.4298968637956908,1.306347836496058,-0.5096983703936672,1.6091883294892024,-0.09288144717686247,-0.26300160441908854,-0.04142146725301773,-0.1655892143434929,-0.15942344553239568,1.1425138762430078,-0.13548243943438518,1.6633222101097103,-0.5456323971813027,-0.6231949235252501,-0.2399323049523819,-1.2341613564251792,-0.7684592987076605,-2.2677008321884413,-1.0513345312563946,-3.0334198810707234
j,0.655759591909979,-0.8757607278939914,0.8800250871775559,-1.703958188582183,0.36523543054143115,-2.335900030531882,-0.16171461165868695,-2.1777957292257204,-0.19015986392278222,-0.7694844902656756,-0.5865586890367731,-0.7810589938461006,-0.8358602900936817,-0.19708931671221044,-0.5168275178492296,0.3556174316847286,-0.31789690023099926,0.6689878126267387,-0.3133319769678947,0.16260543204708058,-0.6557604880445639,0.33893181226887376,-0.07441240490158388,0.298026688159916,0.12192089586705708,0.3517992638534228,0.014615959049637119,0.631433526190438,-0.14370858479082133,0.3985457756363621,0.20593625558417114,-0.04249276890463988,0.19918180239116529,-0.08887553154661197,0.2079389531791499,0.7941293103458027,-0.33379800061089937,0.5981892369308364,-1.3532134097979063,-0.3217821206416524,-2.116653388499931,-0.7375201847175891
k,-0.3750481603129684,-0.2882399971663628,0.1126051466495267,-0.5966049906897927,-1.0788946806881607,-0.09087903087557199,-1.2119539798543275,-0.7524039514887461,2.081483766906934,-5.4582781061836085,1.1851975675685613,1.270302693751643,1.9963966118456593,1.061950759181248,1.8430287098696656,0.23775703989429328,1.7163700407712437,-0.6050192226409766,0.5893354285251128,0.9989810679681218,-0.08876623805119453,0.9353044942732482,-1.9638683341875922,-0.586721264524554,-2.7440131102171144,-1.0197690764611798,0.23059605816521772,0.6233100385082044,-0.8640648799096387,-0.14238414486414314,-0.6424751749025485,1.0869387280164011,-0.011166815995641165,1.4255403290711357,0.006774202687408052,0.2253897791519656,-0.2638527386907861,0.14911661420935488,-0.3268727366267945,1.0775811647933915,-0.0862941068968165,1.0436455326975773
l,-1.1190181041271845,2.4720880385731054,-0.47418471512635035,1.0288657154682386,-0.9314704108757987,0.042480170506286885,0.6171641855218818,-0.12710318766801704,2.1398130084660982,0.10072847332016605,-1.1181250543360075,-0.5023081050276229,-1.3358044187507034,-0.8105195629271752,-1.519211976400955,-1.0018948205797193,-1.3618031397571781,-0.32433552666395943,-0.5301305738602512,0.14047551509159864,-0.6652297149301355,0.09867590387316759,-1.1611510946257537,2.6188505493537746,-0.9058755986352587,2.2295731762117708,-0.8199311309478721,0.19978591385348463,-0.7489681755481431,-0.15035242921082467,-1.1358390112772276,1.5449413316954774,-1.1668400563425334,0.8794045528626149,-1.0402791992382456,0.44419531545473756,-0.7567269895768433,-1.2460858485203856,-0.013890419908202018,-1.0623739903717235,-0.06005714140337202,-1.7201683056865162
m,-0.7659087817519616,-0.693459070036204,-1.5026374651899734,0.36719992554037006,-0.43041271677537146,-0.9725420403921303,0.6015080161023996,0.06114105419367908,1.0534608751655599,2.9318494973623515,0.1457559171660567,-1.2636557967806787,0.5280481798344735,0.04560466031432642,0.07327641570864396,1.7970099629034517,-0.03091171107547755,2.910490224967699,0.296125714077808,-1.0575546068854043,1.5544947979191732,-1.4666801795552722,-0.07678865581319275,-0.25348150858102836,-0.47786893114868056,1.1304552790544888,-0.6542777965394089,-0.5517716831904514,1.481048675058411,-2.421541081317596,-0.12079314048786127,-1.8896285204582972,-1.6299093516625867,-0.9561812188747104,-1.7889405567453869,1.033895035670271,2.223597213568828,1.113431372538191,1.309119686125848,1.493748492704198,0.013162524656623466,1.9535258333712688
n,1.0775859756917963,-0.690114875019821,-0.7939603794661648,-0.6167172719783122,-1.6797943159933086,-1.1413242097712968,0.25401949456273504,0.18321902434439605,1.8703758199687899,-1.5070357877472071,-0.9431534700861045,0.2368743477556656,0.4695609645753807,-1.904508120464017,2.2339145326602914,0.4639396309281741,1.7232336402314328,1.256747620828029,-0.2629608320238105,0.6906160682769668,-0.09288780355920065,-3.056248459849991,1.7703213029817286,-0.5260031815564978,0.20922898893430686,0.32584129579625576,-0.5357891558693696,1.1362912783722592,0.7504607655505199,0.1885639361310004,1.1590796539798214,1.9303614010840313,-0.5832272541808889,2.145725077343291,-0.44500513532415364,1.0313979594345495,0.6653734671712715,-0.5570230095848193,0.6411892955444477,0.17124705465929094,-0.3343049964957646,0.595634573502095
o,0.8199912816442027,-3.591689543247123,1.4696422726844809,5.693975303336753,0.5899669146079327,-1.0916285563283998,2.665036869393662,-5.115797972974418,0.3618538177896949,3.826384287013893,-4.163452903598888,-4.049954219093096,0.9287601402282853,2.9973773833600594,-0.777560384542052,-1.5917514796717356,3.052752556919221,1.270101164818295,-0.8938602521467702,0.8120677894725753,-2.3861010788690558,2.915908194115519,1.7813298900865304,1.5205567742224002,1.3308903659586224,0.8026128551657471,-0.74219098179318,3.341570577428879,0.4299250448354032,-3.495768271701497,4.623596509078614,1.4112109367028782,-0.28626440300109196,5.70396756185463,1.5050072960799041,-4.37692852980455,-4.092685709027956,-3.1507810192004206,2.4189372589542892,-3.8645513166047625,2.8573436795967195,-0.9269961165830002
p,1.9907265326011958,-1.474754280412872,1.9924277623446698,-0.947070058964226,0.35496330192891806,-0.015252262244832575,-0.6357003330462991,0.8725068708670267,-0.8191888629287803,1.2314244100303775,0.30080614748587436,-1.1536465254379813,-1.2149611142805157,-0.8466164393758357,-1.7873077392320544,-0.8919147560772702,-2.007968925143001,-0.527000818985248,0.608225088869351,-0.8079612369097631,-0.14109118343620272,1.4699673601518342,0.043894532589292594,1.4430197389339074,0.5511299043954918,1.3939034533627817,0.6704397872003484,-0.47423845058083114,0.25076973288150844,1.0459850806316209,0.24874346473112366,0.7461771630748237,0.4074402539913411,0.6162422833132121,0.43386494027406564,-0.6639156665587431,0.4696575167368772,0.5882752115553115,0.222714674148472,0.5841888919287543,0.16984353855769302,0.5514510301170762
q,-0.45603080584384337,-1.322089738913565,-1.0104391712795358,-1.5652077800628683,-1.2090229751382664,-1.0254666370584864,-0.5234014363019412,0.30233146218370743,-0.0005756434703930469,1.2983441754272003,-1.2891952178586863,-1.052557201576108,-0.8447975783415879,1.5455439536091953,-0.9400058493837736,1.742112279978079,-1.0325126704581211,1.3303081517413164,-0.9334717438922896,-0.812549029371466,-0.8500591816872014,2.3087673760087024,-0.43366576505583315,0.8456407855128649,-0.513381284022937,0.06075978943452805,-0.2720960527678756,-0.42381337213146586,-0.4523577415367493,1.8610573138065216,-0.17419310158454876,0.7249283810116307,-0.4287203888514248,0.05862293557158217,0.30897847044662424,-0.28629175369259974,0.1612851490401145,1.3782253982029777,0.13284682471618536,1.0299099703625578,-0.04029527469342568,0.675916771338028
r,2.3105289462620138,0.3240247094373275,0.20918270855310328,-0.6625922605459087,-0.508102616228298,-0.032616325519537775,-1.1304417753880551,2.1330851044090138,-0.1742121323231504,-1.2000706287295615,-0.25877696343007056,-0.37943309565121736,-4.245714473409989,2.8426234410251734,-6.20766217819298,0.9014799398989101,-7.056731412859333,-0.9902361446388003,1.0380716605961424,0.22826941752878155,6.512713218655616,-0.8906900800644233,4.1831867751581955,-3.627960686344349,4.493126636675607,-4.563042380771884,-2.253176838747912,-0.615513508614431,0.6782522013624774,0.9618337230986823,-1.5604965250922538,0.6350433318562714,1.7159759198408944,1.7902478139123323,-3.3941039210842567,-1.1662287639536801,0.5489797501622024,1.3952440422549999,0.8577025114179572,0.9619229205188329,2.9977748595283127,1.508152383856078
s,0.6574592182097309,0.45449408230299704,-0.412202467339828,2.8236838239559363,1.617318607866674,1.499053477039485,0.8472525896667229,-1.6550802139146306,-3.2544751927742923,-0.35176811680093967,0.46705070640045393,-2.2457950126950457,-1.5174213005049797,-0.971074898932108,-2.192548700773869,1.6088262041205534,-1.5376342497005169,-0.814730963239913,0.02770833291325704,-2.191111300099349,-0.9424764317905353,-2.104229716875225,0.13738820910685265,1.835183266647837,-0.6332888635826148,-0.27403635980895236,0.41650565345005086,-2.2469874824382203,-0.9535575260794894,-1.5460104823505585,0.9038132140448963,1.1718884222424548,-1.0937271169387668,0.15990548888934453,0.6589532611495373,-2.490435113325655,0.8754442409492295,-0.5397569228330753,1.442130590776333,1.7929514484566074,-0.2760360597581362,0.9944864620002006
t,-0.6161718506715422,-0.10221390588045572,1.0970102230778667,-1.5979677502436436,-1.1306459281406047,-0.8710934085600963,-1.6510774892483842,0.36813842798460583,0.8823493782245797,-1.9364688603052929,0.27863728585618014,0.8533604107412739,-2.0818968528678083,0.27392839749702796,0.04885985084170784,-1.8890880441778515,0.8622373607356986,4.946296705302312,0.7410845967494922,-1.3556968876498265,0.2665521764151668,-1.9258573875541138,0.16744261533482285,-0.44241124251612646,0.9136982039706854,3.6668379683314893,1.5117241838813664,-0.9279763582427281,0.19622014779345098,-0.38832585631762195,-1.6468040654371094,-0.17257656817067735,-0.26584864868933655,0.8507915662575181,0.28274673076751605,1.348363954467463,-0.18076325151125494,0.3493975611520756,-0.928965286965347,1.1843466077533231,0.10861663433219043,1.487841628900827
u,-3.4666595054168985,2.099247765764998,-0.3881581890389874,3.150771385328765,0.2434091863948074,0.14240509784317962,-0.4252443850270675,-1.318835983953276,-1.2763288475294032,3.69215125557754,0.7438451827167641,1.1622862999327666,-1.167409087925654,-2.8615683559828677,-1.4574812664615395,-1.990036069983654,-1.992473304878332,-1.5806447618500157,0.5058294802154931,0.3285668803288409,1.2474555475074869,-0.11332320189631209,1.9313908485887816,-1.6620554865221255,1.5393353801418745,-2.698268717446975,1.446482333217301,0.5565474110246218,-0.02459153135624958,-2.17164529393697,1.6086147626137002,2.3704198748911454,-1.2037461506897602,1.4367890707701498,0.41918082636536963,0.28001397188265,0.9314561028930954,-2.8137022289289813,-0.012052276066670567,1.4861334194330926,-2.6418588743976077,2.0245765875767776
v,-2.985547617417906,-1.0642704946744086,-1.461284115788494,-0.43664679569849274,-1.5531577858285173,-4.853608090391131,2.6050238733729607,-2.456950627665673,-0.44575188044097175,9.08794484827436,-0.2458945527288341,3.495887016200913,4.25632167938836,-0.47385552742635995,4.981534432528539,-0.23947446366714406,5.088356254783101,1.7739539546604235,1.2623718917357745,2.8819545644521214,-1.4326698579055124,-0.3224712310127759,-1.2545453463509957,-2.9925446199150167,-2.224712270835342,-0.30853226044587767,0.8264947557189863,1.8947711009386758,-2.929007319153434,-0.2829862282818429,-0.5724505438202021,-0.9259384154528136,0.5265080736572211,1.480742623039678,-0.8162682110726148,-3.0187899782111347,3.5267756067256126,2.0898359467736856,-1.866843494522387,1.6277864065012742,-2.5541598466186644,2.5895376118618647
w,2.219967142390231,-1.3607614140452111,0.23017649640371882,-3.06732601742419,-2.615480440026422,2.864854392843411,-1.4846190073604686,-1.153552097493658,2.1746498646772876,-0.7121179950800773,-2.554747055207233,1.1279607208491498,5.107960569485354,0.7142096850255064,-0.14976438445019827,-1.6818124133325785,-2.023818564131207,2.4802859383488243,-0.5468270264088617,1.322526636573746,-0.5622257895456452,-2.318523200774455,-3.2643290003651817,-0.3592037217313368,4.395524445996825,1.7459987122924703,-0.2058626162330166,-3.5892446925567265,3.208125516568542,3.2781136564773017,-2.897876603862411,-3.8523473440641816,-4.194276467519347,-5.493258887851326,3.021168868433972,-0.7106978069308533,-4.47247458120753,2.5093962491489523,3.8279222891881255,0.19121439406627483,3.2904542541112645,10.662920980649032
x,-0.687539578560064,0.525260658876634,-0.32827403181725645,-1.0969006235281287,1.6704006257353057,-1.5678489812833754,0.38601730645075427,-0.5919645447837004,-0.014873219981574915,-0.7824495207582933,0.9935923063246553,-1.0745428684634297,1.5282861806861758,-2.282997992098281,-0.19477966889302803,-1.7599664816171574,-0.6871067605263779,-0.464466761898399,1.6950523716962813,-0.5584796621681987,-1.730791768751125,1.7932917649618478,-2.5954867170655236,2.272579134640028,-1.257090458351911,2.231272957087858,1.315821433592409,-0.9750129066536177,-0.9820694348638945,1.4868844694452001,-1.767805565661024,1.6148767473256693,-0.5342561087707561,0.9879332726855747,1.3037211297383626,-1.3010350569834623,-0.6748726184298439,0.22609580313899316,-0.31247556888976613,0.9623952044428432,0.5203524146814479,0.9917535067831127
y,0.9196673638033028,-0.21484292358573778,-0.35144352688314184,1.704841724813854,-0.6133208074209854,1.0890266953615657,0.32877131853730035,-0.7693187373005311,3.07676866794723,-3.117577084354698,-0.6637087630151499,0.7824501046463692,-1.155352247583028,-0.5450210570447697,-1.6897133300485565,1.763091737388723,-1.7460685408827872,0.8340461894067155,-0.7886708190545101,-0.544725688977777,-1.2164376303863473,0.6142441645747332,-0.5438936899881364,2.4933748555544986,-0.03718306844821851,3.159547459000928,0.2714989688472313,-0.8974598155090207,-1.3859201422674665,0.2560781534863511,-0.029348257715642957,2.187119518335306,0.5622297295617563,3.1387439904315437,1.5565593066022207,-1.743361685371073,-0.4174518633894125,-1.6163390934873594,-1.932487966522099,-1.745006332506998,-1.9426847195357628,-1.6710146890975244
z,-0.7359901647169323,0.15816791813258385,0.46282614620160134,0.35073745046467053,1.4113353329948026,-1.4508788170669438,-1.2928779121364755,-1.964035983481703,-3.5353929484010704,2.5161936976475516,1.2047552286356389,-1.2416717228669114,-1.0471523769598283,-1.5692561918000028,-2.1862043633915547,-1.28197005547458,-3.0239616171147086,-2.948996098986739,0.05261423021981048,-0.35123697512887475,0.14781570761874152,0.9117422258187701,1.6819793710056108,3.1382837201458393,1.492206626073174,2.1277974511306175,0.36313155509760214,0.4252709865097709,-0.05533728076748254,0.4019810026987908,0.8687964081085606,1.6785235819874602,-0.22724849769167263,1.0329756973693818,0.9977409869771138,0.4764737375226576,1.1978809771829573,0.08630123295678313,1.2107165303705412,1.1643083511159633,-0.12018770409628729,0.7440185661009691
